N,param,value,true_value
10,α,-0.02625165153084813,0.2887835233469382
10,α,0.09068065680048776,0.3196716353383924
10,α,-0.014879346875420696,0.5941015975429939
10,α,-0.39790727735673187,0.6533469847398271
10,α,0.0827672870962346,0.2956326897787237
10,α,0.2485411614228747,0.16803487453953625
10,α,-0.01743157965950881,0.5537188443303396
10,α,-0.030395265398666133,0.1424910230072484
10,α,-0.08372325107941803,0.4168928583769433
10,α,0.03879614639207024,0.17842252351133964
10,α,-0.10975015415601608,0.9100496252855682
10,α,0.2148681584505977,0.6316095676126426
10,α,-0.5493918613143545,0.7325880465042586
10,α,-0.17417138352085249,0.6933976958685301
10,α,-0.2778219469967925,0.8816676772272543
10,α,0.0172672008814988,0.3410741659115759
10,α,-0.08774843676621119,0.4472847955328288
10,α,0.010638881531440658,0.8423745404346443
10,α,0.04471588431127571,0.21750514658465941
10,α,-0.3508857221040437,0.6195472345441869
10,α,0.4793606741381121,0.28567583043737743
10,α,-0.12096116017153336,0.5971333471562038
10,α,-0.5011741530793505,0.5978187218820669
10,α,-0.2624063528280493,0.7240578430738126
10,α,0.11550457196130953,0.15864499659831632
10,α,0.024840082516046413,0.7415825151456109
10,α,0.4465394630980938,0.47046796700826266
10,α,0.43145270697636756,0.34193611081123104
10,α,0.24499911799496393,0.31365145616079654
10,α,0.15500531440824108,0.21291027533691378
10,α,-0.489632136631594,0.7173409962221942
10,α,0.08938433354203695,0.3631221182351937
10,α,-0.21363114932987026,0.8379394925713742
10,α,0.23637887680585284,0.330379924424648
10,α,-0.22191884158435046,0.4151197277801792
10,α,-0.30479453518861344,0.9203736450723454
10,α,0.07087884183481402,0.29132214473639456
10,α,-0.19903854468166782,0.8393197813563866
10,α,-0.013600406709733392,0.7524404004820494
10,α,0.21786002100266721,0.1013559082789649
10,α,0.013974878417402525,0.4989949330580632
10,α,-0.24809434036799682,0.6121554075998722
10,α,0.28040126318796066,0.48414813084700525
10,α,0.27268068567152415,0.37576276982525025
10,α,0.04140883942151513,0.22840159132717225
10,α,-0.05357249791820928,0.7710949584362112
10,α,0.06708237978216447,0.4753218933317638
10,α,-0.0835410884875093,0.7320905836481669
10,α,0.2927085527428099,0.4641329562796031
10,α,0.09745471568645114,0.13564422204240947
10,α,-0.352573439998844,0.6837274039076691
10,α,-0.23298953196733474,0.49279346404906893
10,α,-0.13952305851882058,0.35391676225683355
10,α,-0.5427442905818898,0.8226606513084904
10,α,-0.34175428723477574,0.9610424583212677
10,α,0.1596277174988744,0.5739229897837997
10,α,-0.10671708452897727,0.6035882885587778
10,α,0.32272436491888457,0.5835414440249678
10,α,-0.031013079161669288,0.30021077753558073
10,α,0.4086437785524677,0.5228740971270451
10,α,-0.42714407337359594,0.6610878689058568
10,α,0.680138426855711,0.21150391312499228
10,α,0.39784517895134863,0.19062783712330025
10,α,0.3174964840330588,0.346897027805322
10,α,0.3956144523151992,0.21329272669264643
10,α,-0.059579096808499044,0.3459202166557851
10,α,0.3609557228376088,0.20751324815349168
10,α,0.13094211411346057,0.4689961898725138
10,α,0.027757222441227247,0.7842906811125567
10,α,-0.1442439588151928,0.8630368934929371
10,α,0.38562782517740224,0.46160969046092637
10,α,0.11328971446797514,0.40113707389010705
10,α,0.06338871519051137,0.5100282705699688
10,α,-0.7740303892709318,0.851365071425392
10,α,-0.30651122456683766,0.6671904859545429
10,α,-0.277895759852649,0.7985759649038554
10,α,-0.14396435834616345,0.5214217728385397
10,α,-0.09038315716644452,0.6952835577409702
10,α,0.08555961172149062,0.44135240563011424
10,α,-0.0828135219667992,0.40868716124078064
10,α,-0.2653041056321329,0.609399380116693
10,α,-0.5829411167603724,0.7724011465730148
10,α,-0.15976912214123756,0.40188019389972407
10,α,0.6594781021028777,0.10858378468795014
10,α,-0.222425553485113,0.7030516257412653
10,α,0.14300321348218337,0.5147589010856712
10,α,-0.030725326834607047,0.5376608200298358
10,α,0.03108858129277403,0.7651113289635619
10,α,0.2783485365244259,0.3222385161914839
10,α,-0.05742262037510676,0.413975816793882
10,α,-0.360505457573671,0.6170054795329547
10,α,0.5593790105148511,0.17060333450144946
10,α,-0.15419267300734008,0.6432774987832998
10,α,0.15895750109722895,0.6224175513874401
10,α,-0.08381727050206178,0.6873368550185648
10,α,-0.11872322462134488,0.4190260884561799
10,α,-0.17299669007086693,0.7879897709023901
10,α,-0.11130612599143708,0.2574399461266078
10,α,0.30433456470918996,0.3531745994653568
10,α,0.03523905093939894,0.46005059624042427
25,α,0.09220486729517902,0.45155582612613393
25,α,0.48318391894701235,0.22873242611226569
25,α,0.07650479472174343,0.6659094996350003
25,α,0.05583964134784403,0.5764895880537777
25,α,0.3438979025968385,0.35462123186722894
25,α,0.3641100580307874,0.2884759163857143
25,α,0.06850392271961153,0.3527517589119488
25,α,-0.04404314717298577,0.1975795599328576
25,α,0.2212487899735569,0.4427452459613658
25,α,-0.24107953240753432,0.5898198355235272
25,α,0.4230129903690977,0.4623467755582189
25,α,0.3254104888704092,0.2872511452281134
25,α,-0.07904746949697938,0.457478592972097
25,α,-0.07503915062098057,0.307702858836017
25,α,-0.4678168231229494,0.5614382273899329
25,α,-0.0881140059614417,0.8413413173645636
25,α,-0.08077474886596026,0.6059907698985457
25,α,-0.18147745666059323,0.7198451973847323
25,α,0.0325258375310713,0.1621592163961988
25,α,-0.19832108656578518,0.8050856097262281
25,α,0.003541658350150745,0.31052551303161774
25,α,0.33983151739934603,0.5612466002731924
25,α,-0.2984961517729759,0.6923196405247344
25,α,0.1832127550895829,0.43628288833459195
25,α,0.13614756689254387,0.42695884134465906
25,α,-0.2791640320871786,0.42455068158755804
25,α,-0.263481342509323,0.8908893996382868
25,α,-0.18189598081507352,0.8815892512795783
25,α,0.21660524473589615,0.34185432361650414
25,α,0.07623228538175264,0.6764203223726799
25,α,0.10387719375261428,0.5673451498581432
25,α,0.22148758646629457,0.4409184663513354
25,α,0.27748670719359547,0.2998291599016466
25,α,-0.10881545717848418,0.4945925711248712
25,α,0.24099741226502247,0.4584998002698617
25,α,-0.06095490238988299,0.2843123465374642
25,α,0.2686240756462225,0.3088383453308181
25,α,-0.062134311277642906,0.43596957101803696
25,α,-0.2170335365586405,0.33042530317257446
25,α,0.08266580595885803,0.2983547819788934
25,α,-0.034867379665732945,0.20044429411475345
25,α,0.11856286497409624,0.13162291339123267
25,α,-0.41403256369557806,0.6843263688112636
25,α,-0.09163730610249088,0.7585721937343118
25,α,0.07161158524338551,0.3009193124893189
25,α,-0.1761822808182858,0.2976619579312258
25,α,0.23675077969240643,0.59147378971315
25,α,-0.023073694791647337,0.33315079498865535
25,α,-0.07959137592472315,0.5053164404487672
25,α,-0.17339249704301818,0.927205752686038
25,α,-0.4147832309941919,0.6809931507937093
25,α,0.09451182846798412,0.5714684489678402
25,α,0.057809097398800274,0.12154109684504075
25,α,0.047846838464258745,0.5336057741570496
25,α,0.0022906650411456397,0.23725762407188958
25,α,-0.27826132992938596,0.5760954337570156
25,α,0.3196700334271381,0.3806647667824577
25,α,0.05702846046135135,0.6988230718154682
25,α,0.16045326984123837,0.26845099954464274
25,α,-0.19531429932294941,0.580657498590149
25,α,-0.08814217360201437,0.6649292055243263
25,α,0.3402315480609158,0.3661829967975355
25,α,-0.3135981867985139,0.6855847218989906
25,α,0.31710547315389087,0.30416840194366773
25,α,-0.01093374515753115,0.4713322044638072
25,α,0.2864912507315575,0.426494638970138
25,α,-0.444861434545276,0.7294578648616784
25,α,0.04611296155983713,0.5305551524658844
25,α,-0.05327508325137015,0.39937023072900146
25,α,0.06194569612836753,0.281639098368143
25,α,0.7408134554963037,0.09115937769745938
25,α,0.2244088818648679,0.3021496783631092
25,α,-0.3326603181319222,0.5084117985406266
25,α,0.05639413229018142,0.627344631561724
25,α,0.2731029814573265,0.18644243599304516
25,α,-0.24951853438138805,0.7030732057862077
25,α,-0.02558781366798557,0.8827930318367917
25,α,-0.2514614070157808,0.4746151233924275
25,α,0.09519031429243291,0.26645270959115486
25,α,0.06930551430243215,0.3935925068637686
25,α,0.07650743921560327,0.4189046301689988
25,α,0.2901378995492493,0.30514616136534256
25,α,-0.10709460327530812,0.5983087533345468
25,α,-0.17287848649931406,0.3451526728478907
25,α,-0.09686907309755086,0.19077865805031927
25,α,-0.654054107365324,0.8366279117834117
25,α,-0.23401789702001063,0.7323947871421503
25,α,-0.2851144908709277,0.7048777234863776
25,α,-0.16333527905874398,0.33715369616728635
25,α,-0.038875471417272545,0.6872904210747791
25,α,-0.24598890755532093,0.5303042208888927
25,α,0.11599622860261977,0.3668400953940829
25,α,0.23506284719578485,0.39631115831909747
25,α,-0.07215033173004198,0.4042563815948819
25,α,0.3404712729287059,0.3158317835928735
25,α,-0.2055682603782144,0.8325424595985365
25,α,-0.053067998209990086,0.5028240693247249
25,α,-0.053570205149298555,0.6693995132642624
25,α,0.03869102851112205,0.6502183245062023
25,α,0.0335520614694893,0.9009512418635333
50,α,-0.3104922423595567,0.6475171932016247
50,α,-0.27305971176587795,0.42801805212798044
50,α,-0.16602859722476698,0.5826566826145059
50,α,-0.02322216621414197,0.4524907423423679
50,α,-0.30916316965433727,0.6179286970798397
50,α,0.01027881697920241,0.7375089480876876
50,α,0.24787213731185082,0.42600472793411287
50,α,0.213663826490475,0.5888915981608522
50,α,0.26453036606403574,0.21780163264994912
50,α,-0.1494577337387683,0.45151654589412205
50,α,-0.1926179578529227,0.3392007383968011
50,α,-0.4451159694535904,0.7754799386209172
50,α,0.028172733994829113,0.6248876389064709
50,α,0.4289731852521799,0.3405193969190023
50,α,-0.33087344738701674,0.6463461162569359
50,α,0.2865235419068619,0.5594885258048375
50,α,0.034921881248846515,0.08419059543634237
50,α,-0.015229068741274554,0.483604143872964
50,α,-0.011511860196962709,0.27268405582134536
50,α,-0.017574675009103258,0.20683563678433778
50,α,0.4094673515175151,0.5118266011921734
50,α,0.20162713292331258,0.5445612952063936
50,α,-0.27754633722661703,0.5636935865177632
50,α,-0.29100833617611677,0.4681169737100509
50,α,-0.30880172498865677,0.5514362219544388
50,α,-0.3550413388676861,0.5683523876175546
50,α,-0.2165035656305643,0.455023588460282
50,α,0.010758158513149985,0.8053552538521027
50,α,-0.13361962976302766,0.5520771896416187
50,α,-0.14858261920047822,0.6873322330138304
50,α,0.018424366340542397,0.31648532572179794
50,α,-0.03640474182579956,0.6867161292303868
50,α,0.2039667443552169,0.6702743918336188
50,α,-0.24982161300734138,0.39858394544357567
50,α,-0.1863637596927848,0.2951059687744137
50,α,0.17223487159857143,0.7618254510005126
50,α,-0.13218219216171184,0.46269058312018235
50,α,-0.22474992164451535,0.6066937084231018
50,α,-0.15688752637661374,0.759112950963028
50,α,0.13453862095933944,0.4743454198783902
50,α,0.13437630735325481,0.1786211069429999
50,α,-0.5076668866310401,0.7607802704344934
50,α,0.062495249761408855,0.5696427207770592
50,α,-0.09977046139056778,0.6218555487452151
50,α,-0.047915135866236636,0.6192604935535202
50,α,0.2137112637189139,0.5485405316920925
50,α,-0.11311923108773766,0.2856913833325307
50,α,-0.04091150801946225,0.3181949368640615
50,α,-0.007757842305536444,0.3743948093347774
50,α,-0.26150773489119106,0.7896778107918653
50,α,0.2866338346267341,0.5448364148891949
50,α,0.21032605444353492,0.6156786709093853
50,α,0.3206367285796835,0.23029722659747576
50,α,0.18593298477844672,0.3456041290707215
50,α,-0.40309194773184287,0.4990727142751042
50,α,-0.3146754746814438,0.7342168016984072
50,α,0.2019307038068764,0.6522267504255502
50,α,0.15753079781491808,0.3307716224553847
50,α,-0.18198967364454655,0.696720042803709
50,α,-0.02565115914623861,0.30545346423708
50,α,0.40557500516073036,0.19396767731432524
50,α,-0.3846432573657763,0.5788610267516667
50,α,-0.11631082360977052,0.45165587524502004
50,α,-0.05577345206888973,0.6637660499527043
50,α,-0.36937957317060816,0.5018313578047686
50,α,0.0665356305459276,0.5773096485162535
50,α,-0.0693706819618422,0.5046943481543806
50,α,0.01881513361019721,0.3490087625771868
50,α,-0.43019947934600705,0.7836704241253667
50,α,-0.144950604834898,0.3495643903042819
50,α,-0.5502526870903645,0.5734205068232446
50,α,0.19297383252408662,0.27813497256051456
50,α,-0.3365213488160185,0.7492542244014773
50,α,-0.383206562018184,0.6737126929440984
50,α,-0.09410119655453097,0.9159891572639569
50,α,0.09095228726886856,0.4559802915695054
50,α,-0.25320047449504735,0.7598825782506256
50,α,0.17512316288773755,0.6486288278912911
50,α,-0.007734975760679386,0.4742192952170733
50,α,-0.010965549460714374,0.7977261776105343
50,α,-0.28815755029228285,0.9000509159151789
50,α,0.05248969975890272,0.5112970164276329
50,α,0.2303978584269619,0.15137224219706583
50,α,0.10111213710838596,0.5369507760017315
50,α,-0.02332224050182835,0.47580031512928767
50,α,-0.13888620913035815,0.5574544735946121
50,α,0.1793029618319899,0.5529596334002783
50,α,-0.18846497884003358,0.4070077820539234
50,α,-0.14489933876868832,0.4861531460262669
50,α,-0.17810812578543622,0.7190779827513749
50,α,0.260251664391239,0.1493894394360723
50,α,-0.3068557865172746,0.68214109108837
50,α,0.01977644457586869,0.6543712549152487
50,α,-0.2823580212584405,0.3553547346636331
50,α,0.16857840110882805,0.3338367253047343
50,α,0.08597972837658863,0.5431013994296577
50,α,0.2730032645204753,0.5571918896701878
50,α,0.2729808782970418,0.05626024957833313
50,α,-0.11241706114553063,0.6511504924254105
50,α,0.15413870997027834,0.3993761719853324
75,α,-0.2394279163259641,0.5530919272269197
75,α,-0.5509188457423733,0.8417000794331708
75,α,-0.16341814826980217,0.5786622227624159
75,α,0.08452726046754588,0.384667518809259
75,α,-0.06538751337914572,0.5361951836733917
75,α,-0.02897216222071264,0.8826371264492988
75,α,-0.26371933353106913,0.8939851163830307
75,α,0.1455582802638588,0.37425405795463756
75,α,-0.1206931431331078,0.5329486241906778
75,α,0.04421435429599513,0.38580306577690365
75,α,-0.37382844832464607,0.6817911644965418
75,α,-0.4663677343522492,0.6706043278813489
75,α,0.040712772550714704,0.8025866786057245
75,α,-0.00913736067364243,0.24562463545155114
75,α,0.10909356791095193,0.5338709500746365
75,α,-0.0886761215308457,0.699285052003466
75,α,-0.029217421601536064,0.5489373201693823
75,α,0.2538132900501969,0.12560867762678543
75,α,-0.14872527298637594,0.5403352005012226
75,α,-0.156453826640772,0.4604392769829324
75,α,0.3647202553537163,0.21168346872262633
75,α,0.4098038662013804,0.38424891223550545
75,α,0.4143133009254216,0.1493671205043051
75,α,0.007702232633754413,0.4725524844886982
75,α,-0.17061585614731445,0.721855887024311
75,α,0.30312688888492734,0.46521321255043624
75,α,-0.10947255328232633,0.2058747193884792
75,α,-0.06168936159761329,0.43310802948218896
75,α,-0.03897164611750609,0.45876432413230905
75,α,-0.02707346074992445,0.7277490159859981
75,α,0.27421330454619797,0.3991158077305408
75,α,-0.011538886735099618,0.645367392478953
75,α,0.0786829059456251,0.8194688641768919
75,α,0.19667525707533096,0.6460467640498173
75,α,-0.10844649059591094,0.7262661060544122
75,α,0.541383609843874,0.20427447305141377
75,α,-0.22419317566500507,0.6767978306611573
75,α,0.7220257616046777,0.1490859460708847
75,α,0.2572735012949786,0.3571134456384868
75,α,0.10411883743933359,0.6671317626871524
75,α,-0.2634926345929137,0.5087953588187848
75,α,0.10564274311066651,0.45594265556114005
75,α,0.34125192382887476,0.10798105504864312
75,α,0.45598132913355666,0.3607790030907477
75,α,0.6238335224546936,0.13887153785710377
75,α,0.032711831763947374,0.36518288456009873
75,α,0.32450336602353086,0.3991141667345242
75,α,-0.36972486739255345,0.46750248727790694
75,α,0.15720885894865494,0.2702771690568623
75,α,-0.04470804026413189,0.7809959460912381
75,α,-0.08670811751959487,0.3352034464224408
75,α,0.08479955213947277,0.6808185146699126
75,α,0.11915930545013376,0.5665984254485447
75,α,-0.042841201930582606,0.7687459705186748
75,α,0.03997140224703183,0.47758856864012816
75,α,-0.137483420720236,0.5098209097577118
75,α,-0.3416685764942103,0.7500775701384466
75,α,0.12873103752101,0.574276962377696
75,α,-0.5549769410410554,0.7356789572972026
75,α,0.0882391691116064,0.2843880988546844
75,α,0.3262586887201674,0.2172372047886333
75,α,0.05094544207366336,0.6761628272081458
75,α,0.29051039303998427,0.3367110670593566
75,α,-0.3449528921461122,0.5793634442156064
75,α,-0.11380690619969208,0.5926579860876436
75,α,-0.2798636585812477,0.5855002650764592
75,α,0.38967754600511767,0.29923858904760164
75,α,-0.016179984688000082,0.45357088223330927
75,α,0.5654333741024928,0.047377836682897884
75,α,-0.04008425361690232,0.497467987685948
75,α,-0.14143897327388133,0.7716101198364032
75,α,0.018047625500180797,0.5051735840532023
75,α,-0.2584338453109278,0.6208829088052559
75,α,0.11328930005563026,0.1935954610207754
75,α,-0.045268199989344615,0.6940570990171625
75,α,0.11876020612547944,0.42835774051403785
75,α,0.07888139389964036,0.21899762631995887
75,α,0.142737771607101,0.1616713084272931
75,α,0.06051098795334919,0.4240595937355338
75,α,-0.2080519034428312,0.5774778640860819
75,α,0.4936223171615563,0.3782548312016473
75,α,-0.19239695623357073,0.5807131001418223
75,α,0.07309229708392512,0.22820359906539167
75,α,0.12975101286860213,0.5222327734319676
75,α,-0.48853010016666587,0.7537081275135843
75,α,0.0648787207894439,0.36339696685841694
75,α,0.6327475180152924,0.07921155354609517
75,α,0.039328517714597555,0.2528575712016944
75,α,-0.48352762420504297,0.7464879612872485
75,α,-0.10397706692283543,0.41915328174357297
75,α,0.05825361368657217,0.37415360081361854
75,α,-0.10516968589973297,0.8888066626205011
75,α,-0.11106343936326607,0.5733497915032584
75,α,-0.19451945413848565,0.5322042217343086
75,α,0.07200156171129424,0.2609301417323499
75,α,0.15292885915671423,0.3910306213780816
75,α,0.04026537445634121,0.3949932504072257
75,α,-0.17267210477713935,0.8244392031381065
75,α,0.08333307201535445,0.2621564171954524
75,α,-0.2528631710575755,0.7713767158155046
100,α,0.025190661731055053,0.3226117857621279
100,α,0.27527658148470496,0.39993444741778245
100,α,0.26033324761213283,0.6513758335131328
100,α,-0.21240303647384412,0.526750666909274
100,α,-0.31916789284455144,0.49209688571969257
100,α,-0.03034239330803057,0.18131700488761165
100,α,-0.1134608184481753,0.39388773674967525
100,α,-0.14776393757883227,0.27027436742236
100,α,0.08401021155179478,0.5821294244496434
100,α,-0.05993472259429722,0.41363138113594006
100,α,-0.44059659977759247,0.6443180290111814
100,α,0.03065849812743915,0.6012074449915491
100,α,0.08325804433024267,0.20997148942633018
100,α,-0.1985242646488714,0.4697953577742306
100,α,-0.17569184327366422,0.5793804309711746
100,α,0.4028083124749335,0.33584512888981805
100,α,0.02727078553424933,0.6462026375996004
100,α,-0.18328848312406548,0.6813618132305825
100,α,0.07640248637081942,0.4772803619142441
100,α,0.05431486129329638,0.433987475031254
100,α,-0.11292724097862591,0.33466633433384785
100,α,0.4611828113785763,0.32177438848259554
100,α,0.17267183625803872,0.3231306809337984
100,α,0.3548806943397717,0.1635075431269543
100,α,-0.06400762573963789,0.18156911710089968
100,α,0.04041833080835866,0.3172372022883227
100,α,0.07937835644272045,0.2684076167878427
100,α,-0.18798444100261974,0.5253541454393824
100,α,-0.035629928290522,0.19402441690411878
100,α,0.231876015045312,0.20701691574863954
100,α,-0.6353419982354966,0.8021812108671957
100,α,-0.034599135865926556,0.6348618842252814
100,α,0.33206226389923943,0.5447417360984559
100,α,-0.06121704275470463,0.6519035334183231
100,α,0.43720630415826495,0.38801775252545095
100,α,0.009234384090517911,0.6458084564504414
100,α,0.10465230981916956,0.426854805759656
100,α,0.048932052579374,0.11922634535186913
100,α,0.10566938166757056,0.5826532631708784
100,α,-0.016733923929932504,0.3279336594915165
100,α,0.15662644651831814,0.5775941637469872
100,α,-0.4542810352591319,0.5310033836505936
100,α,-0.4290218205626998,0.6525739891403056
100,α,-0.42921177914742187,0.7783249455629884
100,α,0.03388994517818514,0.19914686664572465
100,α,-0.12873128389106614,0.7898422327899565
100,α,-0.13951256826953942,0.31029000909106613
100,α,-0.34241434497191,0.5284261793359879
100,α,0.29765804696065973,0.4454106924354035
100,α,0.016371741651563854,0.11017795118022122
100,α,0.028044940442824573,0.6108819453741164
100,α,0.48790138636390856,0.15073538826075283
100,α,-0.32233909010207457,0.6092994668808724
100,α,0.26875848375556527,0.4370030558337759
100,α,0.3123511521202472,0.5129193643685255
100,α,-0.24065733267872963,0.45948207789251144
100,α,0.23968674852504745,0.5811999590165412
100,α,0.22860912197582522,0.2998963102124457
100,α,-0.04838270929663935,0.7210802981956438
100,α,0.046067666544681085,0.6754458206324001
100,α,0.4130873074447182,0.3621309822451366
100,α,-0.25937837827348786,0.8676347520818304
100,α,-0.1323974182330815,0.5267650936082292
100,α,-0.17860811226706164,0.8870729917384489
100,α,0.05904537449585401,0.7648863050693719
100,α,0.2730351757959809,0.2031545674398934
100,α,-0.025486033744205883,0.5794648710130613
100,α,-0.012379365093722394,0.8259701090234296
100,α,-0.036790325517928574,0.12248238157256422
100,α,-0.10547758549623801,0.15730743103268854
100,α,-0.186957570201851,0.7216010855150423
100,α,-0.09055364409164313,0.4432715921621447
100,α,-0.1266312661833569,0.5521245699438334
100,α,-0.46401859044402677,0.5918438665558714
100,α,0.3186788795732093,0.3486686638687947
100,α,0.010888642165528206,0.7114986469192872
100,α,0.21175324373171123,0.6346841247360006
100,α,0.30618068090923517,0.4939376770565849
100,α,-0.12707744173086977,0.5545478701845259
100,α,-0.28699347946617515,0.9758186134688706
100,α,0.17226373952869994,0.4073042906360064
100,α,0.0964678172993012,0.5193929361716834
100,α,-0.13588779659641448,0.546400485407649
100,α,0.030875217300690705,0.31022868233567474
100,α,-0.4666654420043981,0.9376652146315065
100,α,0.3150683928796274,0.46535582490540683
100,α,0.20443442139406776,0.44564102137599015
100,α,0.3243117177397587,0.3312527907050428
100,α,-0.27489205040810955,0.6750333843971186
100,α,-0.14449239243991924,0.438319366140769
100,α,-0.008544164099104912,0.28031797258228613
100,α,0.13662316968791433,0.11886778340063713
100,α,0.4284652195744843,0.469531926245447
100,α,0.013834044647156707,0.2045531132248649
100,α,0.5674963038096128,0.17971030731735405
100,α,-0.40799246883687645,0.6661976465964883
100,α,-0.07439000602444962,0.3819032386464745
100,α,-0.36870224490382036,0.7595928394433615
100,α,-0.06558939267788311,0.8034336631333222
100,α,0.0813966353517569,0.5351993165488793
150,α,0.028909014660984167,0.29597240176099493
150,α,-0.04193212499158949,0.5678261024177893
150,α,0.3507479261674187,0.4866453496383337
150,α,0.2612360861162385,0.4428774793875109
150,α,0.16943849159771596,0.23953019747201992
150,α,-0.15773676907861667,0.45765518820676
150,α,0.08180326721232736,0.13732151717546012
150,α,0.05642981600075092,0.7410022685237492
150,α,-0.061306207243313135,0.1858195377581313
150,α,0.16580395839862755,0.357219515182347
150,α,-0.11511397287146319,0.5256531687765507
150,α,-0.22305626679653218,0.6942881509590403
150,α,-0.012243641136526567,0.2563101929591733
150,α,-0.11324879996927639,0.775270766256317
150,α,0.20515882600065516,0.47517424492400506
150,α,-0.47848016218604783,0.8346248756083303
150,α,0.06638901868158087,0.38006718628536734
150,α,0.1135178582373958,0.37413241115352003
150,α,-0.02232860545244164,0.8505052121206723
150,α,-0.03064098387462133,0.7519396135880995
150,α,-0.3563856860072698,0.556540702483602
150,α,0.03440064956758809,0.3717042892879813
150,α,0.2874418639473817,0.5500099549074522
150,α,-0.10680240655208273,0.7126427037162074
150,α,0.15271457706723413,0.543995373408065
150,α,0.24349612595558884,0.3651188773507466
150,α,-0.1530534566280406,0.22800199466140075
150,α,-0.5811881643982935,0.770964201638793
150,α,-0.008207637120660971,0.4464351722303277
150,α,-0.05167216306096689,0.43072427282513764
150,α,0.1752377699944739,0.23247631973930108
150,α,-0.041407865855849935,0.36226795805557405
150,α,0.20116558913709215,0.31023323742356257
150,α,0.03336640222599341,0.6619284974364498
150,α,-0.4048939033464334,0.8078639182789895
150,α,0.04118258098463978,0.5746364445313948
150,α,-0.13258454995165414,0.42248599235294143
150,α,-0.5170369752752512,0.6086796952342653
150,α,0.16147871987067386,0.5081188195051317
150,α,0.08826438570509776,0.2574611207801798
150,α,0.13806770421348458,0.5461731347220393
150,α,-0.3173773012549864,0.5479121567869935
150,α,0.16783590529795633,0.5494250411487416
150,α,0.09649847328405436,0.5925144908021868
150,α,0.04696650789347312,0.6056636364900225
150,α,-0.4877874957759655,0.6500491652999636
150,α,-0.13286269937594303,0.3785250708716809
150,α,-0.03429230390643939,0.435204952904447
150,α,-0.07908272299872804,0.4333418464024039
150,α,-0.06402526392778884,0.6687295284770803
150,α,-0.2115339567476764,0.5239624515724607
150,α,0.06221066568171685,0.5626159277460354
150,α,0.303750536482131,0.13452271993612394
150,α,-0.1349181406037928,0.32514327861722203
150,α,-0.12733018838034463,0.3060261439444849
150,α,-0.36685316871436496,0.841188351724677
150,α,0.29859776396599913,0.4287448046700437
150,α,-0.031963541492468744,0.26839995375209247
150,α,0.03059717977661658,0.6324198334769658
150,α,-0.095288016263267,0.9450813804197554
150,α,-0.6058440940505609,0.6843913769206328
150,α,-0.3474654336079744,0.8308864862171268
150,α,0.1640935245195041,0.3779181064575481
150,α,-0.16410031848103107,0.5353404889433452
150,α,-0.05590841790654999,0.6947919449139149
150,α,-0.08864891830048005,0.6760430860784945
150,α,0.08993628777211204,0.7544033941519863
150,α,-0.1214635828005588,0.714569063237965
150,α,0.1799852611403755,0.3192853010146424
150,α,0.07991697954757038,0.3349998549873455
150,α,0.12261683297387238,0.6546992651685566
150,α,0.1534075819643057,0.5401770129553335
150,α,0.1290543663040022,0.3745058945201393
150,α,-0.31690008337546527,0.8494377450837379
150,α,0.32089899127104565,0.3192196339011339
150,α,-0.3628284331664844,0.6793306025969036
150,α,-0.08007478421268877,0.6690205543748828
150,α,-0.021371480922302455,0.9399917553806697
150,α,0.2750407693692662,0.32445372546774537
150,α,-0.567236860008969,0.6492055270284472
150,α,-0.13691617063087164,0.3836081948213678
150,α,0.17421724501385866,0.05726838033936373
150,α,-0.2770568521377378,0.4617814498108953
150,α,-0.07472120847361141,0.6352583074839665
150,α,0.0457246781739542,0.6520490749536858
150,α,0.11688703118849014,0.2710435409342687
150,α,-0.2688683740415839,0.9023924316482564
150,α,0.0028682623673600416,0.7472528887072736
150,α,0.045653660144560515,0.8322326676816437
150,α,0.14681452108748955,0.33265787197378116
150,α,-0.13649906398631373,0.45359058760012205
150,α,0.09706011839985904,0.20743760805485476
150,α,0.16092107844182518,0.4465163932539911
150,α,0.27388280828554024,0.2206553141082749
150,α,-0.27897940818884237,0.8053642319376155
150,α,-0.16157248235610278,0.65521817048012
150,α,0.11420144347100009,0.34986008161948934
150,α,0.063543293423315,0.8262767476366992
150,α,-0.07156542627402451,0.8614945551418393
150,α,-0.5215750329296044,0.7079442604449188
200,α,0.2982249548290391,0.47459829875385384
200,α,0.16839951569830858,0.3929228081673426
200,α,-0.41869118508086045,0.6322777112405599
200,α,0.11196764630700962,0.33105046058061316
200,α,0.010193822586025636,0.46244559011898045
200,α,-0.3214997614919249,0.38678859254403114
200,α,0.1973429523431829,0.4151348308398404
200,α,0.28954747631277455,0.2453616785077378
200,α,0.10000311895716751,0.7317353246450411
200,α,-0.0632796271421101,0.8223002917044778
200,α,0.044606903802847375,0.6019639543584964
200,α,0.11430629456688551,0.3433623370960327
200,α,0.035039565061933065,0.7618001475859674
200,α,-0.4642608273914637,0.8118654318327603
200,α,-0.036422789423177115,0.472919687814201
200,α,0.29734446686615723,0.5723452084110642
200,α,-0.19725358205289986,0.4417129756034909
200,α,-0.05998697075047127,0.36057953324323927
200,α,-0.015189468591546268,0.18035301262070424
200,α,-0.20754592513469194,0.8019139582192122
200,α,-0.20511549854919614,0.5203897966098281
200,α,-0.3953162968667777,0.8670286983136665
200,α,0.10659247997537746,0.29160623408931163
200,α,0.5256363759409424,0.18068641374400302
200,α,0.013619178069258941,0.8547731747568426
200,α,-0.06182672201483769,0.41818258858999285
200,α,-0.3258049077942693,0.7730704492076198
200,α,-0.06134617089990929,0.43548431161144985
200,α,0.08122430945431769,0.6458978757838907
200,α,-0.07662608701089069,0.8691363033484961
200,α,-0.1969897785491484,0.5020098242411396
200,α,-0.30322336131433103,0.49652063427399973
200,α,-0.5386162151348426,0.7206107948971053
200,α,0.08127756179066237,0.5865864561433949
200,α,0.08102767949758893,0.6499967356847828
200,α,0.05735115316094258,0.4556695661402352
200,α,0.05931819191619864,0.4448646762391801
200,α,0.18334309627552847,0.5444376316437614
200,α,0.04132875457423965,0.15599861549712174
200,α,-0.23067124478478274,0.8204416191282284
200,α,0.2713421821218043,0.371562772883661
200,α,-0.6715858123816543,0.8919299604289008
200,α,0.38311302305159034,0.5294442600220237
200,α,0.5221568161869822,0.195923570345089
200,α,0.15353935117175388,0.3455770110735488
200,α,0.0788769122083488,0.6820316148843689
200,α,-0.16490027259143647,0.7112612929235853
200,α,0.08274317500905853,0.31647671723814025
200,α,0.0003092978717714745,0.8879066234912747
200,α,0.10201259417442654,0.589558047105245
200,α,-0.18968599653626564,0.42452501998553505
200,α,-0.37322615717300617,0.8187353557820302
200,α,0.4521977571250153,0.1945421074401478
200,α,0.016535458989846097,0.6054060553099487
200,α,-0.1247568728043833,0.442316995581186
200,α,-0.09401841857309695,0.5084334620006278
200,α,-0.04378959660781845,0.31791350416182185
200,α,0.06070766246070569,0.29701306075486067
200,α,0.25062029798387275,0.6287330390240666
200,α,-0.12251013685811263,0.6866182169937468
200,α,-0.07011717939884743,0.36094053303791906
200,α,0.05115255954047704,0.6317859093531479
200,α,-0.23385324099850674,0.36126983090597825
200,α,0.6412502877704483,0.06682159234172198
200,α,-0.037051033380331555,0.5978114205648043
200,α,-0.09452085086024271,0.21173114128779752
200,α,-0.4585237969806513,0.6400173540743213
200,α,0.3758019167898021,0.28948604308658243
200,α,0.2373604224000099,0.24829166585347304
200,α,0.05005751170098083,0.6008210625414245
200,α,0.11365565991291182,0.5900132206248376
200,α,-0.377990218863346,0.6587662131535762
200,α,-0.4456104274883237,0.669170224956929
200,α,0.22311125818787347,0.45528829065768317
200,α,-0.3541143229881391,0.5282304247340412
200,α,0.052276404427806344,0.7993235867214019
200,α,0.18685501440013674,0.5926319956739202
200,α,0.20932752177790542,0.3573107264396899
200,α,0.28920673415928255,0.06992063165394194
200,α,-0.0273706016712294,0.6042927951051107
200,α,0.04899436620815267,0.4345912492529509
200,α,0.26400271283881727,0.41040905776862713
200,α,-0.06884761243159437,0.46638922429519764
200,α,0.4040510413818989,0.44133887641868225
200,α,0.22200759210596022,0.5437938414839214
200,α,-0.8296532233290602,0.907871005364323
200,α,0.19341642660724145,0.40931277171706204
200,α,-0.05962113536608554,0.3194407063401124
200,α,0.02212595826690833,0.3556495868010147
200,α,-0.040078271287799505,0.7550226592159427
200,α,0.005074105330998169,0.6319366100136882
200,α,-0.42283865176327634,0.7108592382197052
200,α,0.49731659909020076,0.2884606948189856
200,α,-0.6050311612750523,0.7956372613891634
200,α,0.10687623029919413,0.4698987066534229
200,α,-0.3494961005247803,0.803351801401743
200,α,-0.016412191592298897,0.5544722218856407
200,α,0.14771376863704744,0.2757120532410505
200,α,0.163493947705866,0.5360005937602714
200,α,-0.17832667731340557,0.9012523674444619
250,α,-0.3735576948897893,0.9047819367300839
250,α,-0.22276841771120204,0.31919513478490674
250,α,-0.07295575573305413,0.8376678135210609
250,α,-0.0509919370888732,0.22113728935389956
250,α,-0.15927707553468706,0.8026166416202515
250,α,0.15333475431589016,0.1844859335557098
250,α,-0.10577635721371559,0.5843065187477527
250,α,0.151235070704404,0.6088347196092071
250,α,-0.07079364131544669,0.18268142287220604
250,α,0.07971151172766122,0.7530856931053495
250,α,0.4913359577284725,0.25010302424705333
250,α,-0.03656972985116402,0.5800533593314922
250,α,-0.18272901601391112,0.9098218189141665
250,α,-0.271968399219637,0.3960868755757723
250,α,0.2216242806770889,0.4494583496667252
250,α,0.031051157949496866,0.28858908872080147
250,α,-0.1056209476265722,0.3131954713312961
250,α,-0.4041904567122882,0.610486668204991
250,α,-0.06398639654941335,0.4303938373993336
250,α,0.00324626418586349,0.3627768049793277
250,α,0.3603567284127407,0.43380586893524353
250,α,0.025568410288884125,0.652233392422763
250,α,0.1953288830679007,0.3661017379252301
250,α,-0.3012044766576172,0.39128921374158715
250,α,-0.26100396702453244,0.9031438193857103
250,α,0.1286266687729679,0.5091688286872222
250,α,-0.09569323718660702,0.17329704971840612
250,α,-0.11363132648479274,0.5128443470877413
250,α,-0.2850962400478131,0.7743431705477825
250,α,0.15001234370581584,0.5424430229233822
250,α,0.10151269762837167,0.5154245157218151
250,α,-0.22216405262561817,0.45270219598168154
250,α,0.20192104712069325,0.4577204229956343
250,α,-0.019704399384132903,0.19053175947519063
250,α,-0.2314249315869445,0.6696506149965217
250,α,0.22286251403301632,0.44495714754745147
250,α,-0.27336988970960835,0.5735907349036113
250,α,-0.08695120950813823,0.46578815482155755
250,α,0.06720833938117088,0.575034606400708
250,α,-0.001531831243567483,0.4547441156816705
250,α,0.10650548777814983,0.3097921624439102
250,α,-0.3055150755206647,0.67564719424203
250,α,0.33460545161509464,0.474107303232208
250,α,0.10411205366341267,0.22392786750726126
250,α,-0.34354287377783765,0.5576965008960837
250,α,-0.26720294936000843,0.5275241552574801
250,α,0.34329146276258854,0.29926177890378364
250,α,0.30835501921817515,0.3629345069426832
250,α,0.0972592523894622,0.2932260208608999
250,α,0.21155527690860468,0.04321938041459648
250,α,-0.25284145614925463,0.564540681369172
250,α,-0.12090017969910682,0.8607253464083424
250,α,-0.06760629905585722,0.2578225032714883
250,α,0.6492626626293627,0.18145722619522223
250,α,0.11400381436156692,0.6303237902815346
250,α,0.1471411277475554,0.8066657973320897
250,α,0.009934450695325087,0.2102653097226912
250,α,0.4225656754532516,0.46022888482499286
250,α,-0.12678264498414915,0.4660121057490774
250,α,0.022819994484067796,0.3501486365968664
250,α,-0.42216985388343076,0.6976083907058651
250,α,-0.03513492485606795,0.3138837912278194
250,α,-0.14540175791954213,0.4009389180553155
250,α,0.1559500479884518,0.39312243463621044
250,α,0.10955291967243397,0.36357793660636833
250,α,0.04472425120855972,0.31264976713777154
250,α,-0.3108290278710189,0.6726315980113079
250,α,0.10296847002892717,0.5169155576186766
250,α,0.2552192425493201,0.4184149269969997
250,α,-0.5944621923647276,0.7972153002501428
250,α,-0.2647624321915595,0.49522373796433444
250,α,0.33667043458681967,0.5243952707401023
250,α,-0.17677086320029078,0.8821205518649766
250,α,0.5026358093061698,0.13947284299599289
250,α,0.1899316446846549,0.22221229464992392
250,α,0.02764844054554272,0.6080020777441263
250,α,0.15979720111690188,0.5538409463944265
250,α,0.051767756905220286,0.6012114120565988
250,α,0.3326292498721483,0.17203286263009837
250,α,0.15842415881400884,0.6495991025467007
250,α,0.006191872774563512,0.2040314100294599
250,α,-0.17913235828709417,0.8382643868660296
250,α,-0.0931198151201435,0.3417708607696886
250,α,-0.16381374883728805,0.6669703954027453
250,α,0.0884786239576103,0.27267744372903113
250,α,-0.3188976239620327,0.45829277078902253
250,α,0.1454416005941758,0.22510296433806973
250,α,0.17905702050155753,0.45335627362538994
250,α,-0.3257736115933526,0.5969421621989416
250,α,0.07200100627765027,0.16184703441047563
250,α,-0.07126593557074101,0.7483925981827021
250,α,-0.18951853255021764,0.4109333234061133
250,α,0.18213677796457656,0.3495193589339723
250,α,-0.17079356429875547,0.5573771862766698
250,α,0.1133009985676503,0.5247156967834208
250,α,0.20177011915919627,0.10783391487981006
250,α,-0.12606313616149145,0.7462726076030654
250,α,-0.0650323823573839,0.22820074901837062
250,α,-0.005204802350569415,0.7666496999126946
250,α,0.3261282199739099,0.40474887213587013
500,α,-0.2293465192011407,0.626765463143054
500,α,0.33894523227888806,0.41317859055133555
500,α,-0.16993822252232743,0.3916835628771067
500,α,-0.3366734067068214,0.6406659146039551
500,α,0.42524507684460777,0.2315308181297944
500,α,-0.3404745452924177,0.6485993049528227
500,α,0.15631163515966318,0.6173870072800295
500,α,0.026455934912545498,0.6352350627797919
500,α,0.04926205670038497,0.7420725083112847
500,α,0.06957326953373866,0.7557271472900146
500,α,-0.004245073552630985,0.4819551431804259
500,α,0.3688890904222025,0.3300636218428473
500,α,0.2717383633613387,0.5966137494257233
500,α,-0.13379470625528034,0.6985178532953131
500,α,0.6248535763666179,0.2096406497179732
500,α,-0.14117352582083242,0.822153519750651
500,α,-0.380130938423006,0.726692416691777
500,α,-0.04374142165409889,0.30127279432282095
500,α,0.14391045911599504,0.12061850583780571
500,α,-0.09220280900193947,0.23636633916627559
500,α,0.2663348370383466,0.5866559855699738
500,α,-0.0020377528576543402,0.399908713010984
500,α,0.6231528055781882,0.14796793700178293
500,α,0.2918534312458573,0.28151277070155156
500,α,0.32061633925891597,0.39046619122471415
500,α,-0.059189381813725905,0.4455991227081777
500,α,0.3529045918587375,0.2518206366362042
500,α,-0.0785012321219718,0.613998584688231
500,α,0.09016753501932434,0.35066953904387094
500,α,-0.06471982578472024,0.408092307876674
500,α,0.3934633892968385,0.20582471484846948
500,α,-0.2339940009684176,0.7159218474179115
500,α,-0.03714254220376867,0.8063698475312833
500,α,0.060297346047399114,0.7843625424714414
500,α,0.34540293909019304,0.3903757901577808
500,α,0.1106269940959963,0.4331587135203817
500,α,-0.16871029632680767,0.6089114331610577
500,α,0.05571502639194459,0.6428424782488357
500,α,0.00802915812213112,0.6054778744080861
500,α,0.7415442078503232,0.08892204336088688
500,α,-0.10697591016892882,0.40032262508270033
500,α,-0.2209578552403872,0.6736502743800753
500,α,0.1640243313902937,0.572953928604858
500,α,-0.0878771482193248,0.31260575404411084
500,α,-0.0090173635591147,0.45500045348536744
500,α,0.3215141803886851,0.27639656684084807
500,α,0.24853788126330542,0.24455190161999377
500,α,0.008614175292321669,0.37078026918458024
500,α,0.1971912839880597,0.2056851609569457
500,α,-0.18272265353236294,0.7766761478657276
500,α,0.4928144154701482,0.38599567793872075
500,α,0.5942093639765511,0.1364933676440128
500,α,0.32418370612150504,0.4706667394146016
500,α,-0.009710125734340547,0.46997906144348395
500,α,0.2769737105985889,0.2450610646383183
500,α,0.052717341272076834,0.735995625719494
500,α,0.023385509866403087,0.438955039710124
500,α,0.13500420769540591,0.21116658406368669
500,α,0.13610528075742423,0.26609711549176474
500,α,-0.13504874913571963,0.8186758817011474
500,α,-0.11269545774282186,0.9123919144100958
500,α,0.5336533342134675,0.31976349115313885
500,α,0.0029570891675450572,0.4758928501242255
500,α,-0.3540942464639134,0.5897027868462963
500,α,0.3068013509795441,0.47935703999199886
500,α,-0.157824196756567,0.2714513303072084
500,α,-0.3112225741799057,0.5736536448678047
500,α,-0.050094989049937366,0.464483196176636
500,α,0.10024195013820769,0.5147233668825515
500,α,0.11642471264127313,0.46035500478932506
500,α,0.33481872529596995,0.48225354562492856
500,α,0.1347329945349821,0.2540472327864639
500,α,0.19237855824637462,0.33450672722426467
500,α,0.5629772434794822,0.3007377243634664
500,α,0.17896267819492728,0.6223350984134284
500,α,0.17555548540271682,0.2934174442365705
500,α,0.18101569182016608,0.641304425746462
500,α,0.11214228523226855,0.4899951102208755
500,α,0.1743987043650248,0.17584309224462102
500,α,0.1149038898002191,0.4141553819031257
500,α,0.08910207273721271,0.6765373939999638
500,α,0.1516711233650666,0.5003534085180276
500,α,-0.5178782674085556,0.7685106823989284
500,α,0.3510155403195261,0.24500549696239038
500,α,0.08891154778793431,0.6607007713462196
500,α,-0.32160615045240115,0.7311117818021603
500,α,-0.4313197313068973,0.8839694477922425
500,α,-0.03836814949743139,0.6036542599213934
500,α,-0.09425870164799083,0.4606298937890706
500,α,-0.10857793604999405,0.3590083641112724
500,α,0.5747133768167197,0.23133320980007263
500,α,-0.30550677610319077,0.5063560690668288
500,α,-0.06440362341702166,0.7983776102654504
500,α,0.019262908422108094,0.7035251000422799
500,α,-0.11127131482367397,0.2568864433695635
500,α,-0.05742732471432996,0.29546865234508685
500,α,0.1073174918402888,0.2135047042476834
500,α,0.09382312102725499,0.5827042182135999
500,α,0.13406749610475405,0.17428994489443617
500,α,-0.04761685270720195,0.44387416107948874
1000,α,-0.1806684978911286,0.7905539288185404
1000,α,-0.07230851225702295,0.5888369747534506
1000,α,-0.3727961535887876,0.494534158626698
1000,α,0.17634383928984926,0.1379336057113879
1000,α,0.0633154151194858,0.497025703563875
1000,α,0.13228954106071655,0.5046517831007302
1000,α,0.07433609740199426,0.24200699918643243
1000,α,0.3389272859107916,0.5624355945377517
1000,α,-0.2075733260502362,0.5572826637033241
1000,α,-0.052477144384435626,0.2848714991608487
1000,α,0.4242424728799763,0.23287278611230733
1000,α,0.0819531540189162,0.13424608789013906
1000,α,0.07341863811744942,0.6883620296609344
1000,α,-0.22669765310072854,0.7463359485805445
1000,α,0.08583441503660039,0.6437737587622365
1000,α,0.17298128172207172,0.5165165431667565
1000,α,0.05099842717296654,0.5394936007420384
1000,α,0.09202253113652703,0.4307727139251888
1000,α,0.10882105677036746,0.4563092065416402
1000,α,-0.020822970569516985,0.48312714534011714
1000,α,0.1145702959249223,0.5314564185831943
1000,α,0.182098711257332,0.641696360331563
1000,α,-0.22066518774734867,0.40125379877720163
1000,α,-0.2072285126438007,0.36540070330194674
1000,α,-0.23847378877869402,0.33011852528904917
1000,α,0.05801084603730555,0.572934794028344
1000,α,0.663873794857446,0.21569881120596657
1000,α,0.18073387530733448,0.4116858760242535
1000,α,0.3273501676802,0.25052727654491413
1000,α,-0.022378878264034563,0.3867370863384469
1000,α,0.3760653644083872,0.33894577073781285
1000,α,-0.5663618785979033,0.7157079477903093
1000,α,0.143133527100765,0.1323528148971876
1000,α,0.2045348087900155,0.3777088122055259
1000,α,-0.232050463066797,0.3372792445242273
1000,α,-0.13219616667189493,0.7087017597864672
1000,α,-0.2292933067399467,0.7040414318656971
1000,α,-0.03128735130759486,0.36811552090083677
1000,α,-0.08843826596171056,0.7085770981420743
1000,α,0.09442354127979513,0.6897379904058363
1000,α,-0.30294550726274205,0.8116079152405168
1000,α,-0.1200999974305485,0.20054588356855688
1000,α,0.47149036932392313,0.13832361725725556
1000,α,0.12103419225268067,0.1922815995653275
1000,α,0.3801109123399201,0.1704777699198409
1000,α,-0.38145552591351606,0.7422759781677991
1000,α,-0.17043418654408193,0.7688583312185943
1000,α,-0.22364819626572974,0.5532640470868864
1000,α,-0.05408793887404542,0.22416263258295954
1000,α,0.289928827119012,0.21380766698792986
1000,α,0.206517551489043,0.38843760498786967
1000,α,-0.13807220906094808,0.7448975222261678
1000,α,-0.019948720770864403,0.5987134150193653
1000,α,-0.5517209205624646,0.8610077674259664
1000,α,0.14306401511336636,0.3294223710459196
1000,α,-0.35808023114902215,0.564341549932059
1000,α,0.27252981924853753,0.4036404212357347
1000,α,0.13940426344163143,0.4791760340193863
1000,α,-0.17805057548417458,0.854373488496968
1000,α,-0.39615767320310724,0.5673733943031901
1000,α,0.25655291832460136,0.5292189192020402
1000,α,0.022409564259943338,0.4947244157327776
1000,α,-0.25531500918175903,0.6778115399361028
1000,α,-0.17137139650627384,0.3247952720903866
1000,α,-0.519090943701978,0.8587216150785206
1000,α,-0.027645004761550518,0.7821209022044553
1000,α,0.09713813994359916,0.3777723266650045
1000,α,-0.21633199513653936,0.4572218167869285
1000,α,0.05382217891044644,0.4360098800266364
1000,α,0.14366717331220968,0.7158462764744217
1000,α,-0.7139257818572806,0.8234312958447739
1000,α,0.37288308583783514,0.46610891896564677
1000,α,-0.4904032270781833,0.7712734614413093
1000,α,-0.31591968771131107,0.7816457826221761
1000,α,-0.2527321335257262,0.7056576323170753
1000,α,-0.38018881350740896,0.4821753981137033
1000,α,-0.25590557758953125,0.8546225535441193
1000,α,0.03586937028634851,0.7487142020121771
1000,α,0.19437170022690042,0.6486406052473332
1000,α,-0.01576486390339993,0.9031915862797613
1000,α,-0.12375756296847742,0.3438146661728462
1000,α,0.17160915748573646,0.5751362589043075
1000,α,-0.06428967295746613,0.8466881671193933
1000,α,0.20027197732639357,0.5959261808920585
1000,α,-0.1362676540803046,0.7315632363842056
1000,α,0.10208841715144401,0.48769823011945235
1000,α,0.43557796161858475,0.34909291932384934
1000,α,-0.2929261079066038,0.8416777032138955
1000,α,-0.14218902657942756,0.5647140732685018
1000,α,-0.5568508415505403,0.6508748014549253
1000,α,-0.12304596505437981,0.798442976386337
1000,α,-0.2120116097080289,0.49802426003467404
1000,α,-0.380501646012375,0.7228960282184594
1000,α,-0.04590775510001299,0.4707200482172095
1000,α,0.3731810531675619,0.17035485174097567
1000,α,0.042675294517741325,0.34319719206246607
1000,α,-0.05199821163980911,0.32713102958597967
1000,α,0.057046883033726514,0.513375547683684
1000,α,0.029621727371402395,0.43834633592852035
1000,α,0.023429028653791928,0.5259010168627115
10,τ,0.6778799954819869,0.8764160339373243
10,τ,-0.09157232881380217,2.4111224580283483
10,τ,-0.05019650763206718,2.0927818525039306
10,τ,-0.32646673164118234,1.0941400173144418
10,τ,0.21850953103021808,0.4553197870986494
10,τ,0.3030253450497662,0.5734028077676266
10,τ,0.5813922501564373,1.1909465491565703
10,τ,0.3152433010048552,1.157345860501431
10,τ,0.1185317999336385,0.7060037972857613
10,τ,0.37756619589847107,1.477778667960802
10,τ,0.6371572325326866,2.7333674416355795
10,τ,0.7672011015521409,0.5289410821334308
10,τ,0.0703548025165055,1.8315208181624405
10,τ,-0.6609037204344053,1.6966598157411883
10,τ,0.6271141386483162,0.9229492808382339
10,τ,0.413603545490447,0.9200047489286236
10,τ,0.3935840572850333,3.4578850383350805
10,τ,-0.9636920528535783,1.362088784401108
10,τ,-0.23230512735531494,2.099804781373134
10,τ,0.30055684520527615,0.5841252149566698
10,τ,1.1675691791059981,1.0616985427125833
10,τ,0.0039013005085113406,1.298806330423337
10,τ,0.4958275531968438,0.617612347265312
10,τ,0.49788394020305726,1.4383841444942804
10,τ,-0.05681229927044762,1.369372530353007
10,τ,-0.464935461998358,1.3328048738541618
10,τ,-0.2703399194497822,0.7873098343690198
10,τ,-0.04137680956151901,0.6616157574061199
10,τ,-0.14943709779287184,1.5884624337321196
10,τ,0.21305178996082974,3.31257875558807
10,τ,-0.041813784484801386,0.389377346426453
10,τ,1.217694445218404,1.887371978089855
10,τ,0.4136273693863104,0.9827874719868683
10,τ,0.8624338864407477,1.6149655375573269
10,τ,0.31917313976543615,0.8216349037144429
10,τ,0.1511312998471528,1.0738131676241511
10,τ,0.10329933021744842,0.642219509279655
10,τ,0.07422033088003555,1.882319165447348
10,τ,0.06936357418589467,1.5465304929042276
10,τ,-0.06958533890749419,0.5071417545674761
10,τ,0.35521073088910216,0.8732453731925787
10,τ,2.1617671934274814,0.5865946622167385
10,τ,0.07577825513468628,0.8711793875470207
10,τ,0.19685805627402253,0.7640255987754805
10,τ,-0.6319844114796025,1.4614345135200102
10,τ,0.1180606022566778,0.966128527575297
10,τ,-0.2817993063201638,2.303813790487053
10,τ,0.046382651102173766,0.7385010844962429
10,τ,0.5319916873119575,0.6442465879859633
10,τ,-0.2409676369121384,0.40228044765506854
10,τ,-0.9201114641876242,1.3904741477803557
10,τ,-0.22926302539855214,5.541944920382785
10,τ,-0.04207539711434527,1.7049634411913432
10,τ,0.07811959456816986,0.5102189740807195
10,τ,0.9048118319850276,1.5215709191848164
10,τ,0.3026334680676961,1.764373778251622
10,τ,0.0680007043976647,0.6699051611719413
10,τ,-0.061835911759520745,0.6640473593663636
10,τ,0.2518925384920212,1.0292144111877128
10,τ,0.04153492043008422,0.8872589502529625
10,τ,-1.2260829478965523,1.7607953309150832
10,τ,-0.8792272949174207,1.0870558658647371
10,τ,0.5583557964136294,0.3740841900740223
10,τ,0.450255261954039,1.8324466980853191
10,τ,-0.03148224457830118,8.507150050868601
10,τ,0.008612725413759958,0.2975619472647512
10,τ,0.024759870153727492,1.1127992239993088
10,τ,-0.2203174683329432,1.1196543214585424
10,τ,-0.12291714322752001,2.0793071541283794
10,τ,0.09683114495491985,0.48955005118333894
10,τ,0.5507268776631078,1.1764773608866488
10,τ,-1.3876084501778316,2.1431843472237597
10,τ,-0.8262673571650032,1.0940412000979307
10,τ,1.6819851380293636,0.39157931579209393
10,τ,-0.4445852169004132,2.70587857993017
10,τ,0.6567097881922108,1.067632585509564
10,τ,0.6205074264638296,0.8847223848036027
10,τ,0.08470554891738458,0.8994856741949319
10,τ,0.21424311632988613,0.7887587001586556
10,τ,0.030668195246126184,0.8571806746096524
10,τ,0.3643188316850281,1.2089588082100287
10,τ,-0.23072414002205788,0.8344593257298693
10,τ,1.0963098797525603,0.3898462028265809
10,τ,-0.047831592440147785,0.47956379365457014
10,τ,-0.10115440838468959,0.9363988195377967
10,τ,-0.07899908886850437,1.014593450363819
10,τ,0.16035903911616306,0.39425705294421626
10,τ,-0.18687435834655752,1.2680602698737817
10,τ,0.01924751411325809,0.9985548100617597
10,τ,-0.6018608487762958,5.9090705163701465
10,τ,0.3110990228402576,0.3101470887912432
10,τ,0.40702884202365164,1.1976253832147103
10,τ,-0.6944845690507107,0.9592297153317182
10,τ,0.13459681719970407,2.4291604689579676
10,τ,-0.5553136327761008,3.0205840271701225
10,τ,0.05576357939446869,0.36832206318078553
10,τ,0.5477122842274459,0.5290723656765058
10,τ,0.2975620431786324,0.49563893503519924
10,τ,0.0503080886102617,0.9013791813615286
10,τ,0.267011545316435,1.8380868899066007
25,τ,5.388199383597645,2.3114737553274303
25,τ,0.14949005762285805,0.5183116896161272
25,τ,0.15259669198053905,0.4604284751723988
25,τ,3.029122641182895,2.6682058815765584
25,τ,0.5520501299909243,0.7295377279502419
25,τ,0.3457474187368904,0.7155552636209105
25,τ,-0.8704785566385058,2.7233526071794523
25,τ,0.1749144367068789,1.0479313402694845
25,τ,-0.24936588433276952,1.0040664545536104
25,τ,0.1988772114735099,0.5694271448113598
25,τ,-0.7530510922571119,4.115401747592868
25,τ,0.13526940461921533,1.0682911820677072
25,τ,0.6017955107364723,0.3457463914009939
25,τ,0.23303441270439418,1.6777458208384441
25,τ,-0.41922037371360277,1.2958662717990157
25,τ,1.2340884276811392,1.8597209082607913
25,τ,0.7750564421683097,2.582353358454248
25,τ,0.6831075514583382,0.7058063095085121
25,τ,-0.6033382484880312,1.2483085121176025
25,τ,0.1625259017113176,0.47209961496051905
25,τ,-1.1601891313642607,4.776055406193662
25,τ,-0.6480254582089082,0.830991733565192
25,τ,-0.23679495799406958,1.4119254751115873
25,τ,1.4198273638608625,0.532223992892562
25,τ,-0.3535456063365858,1.5671930908999097
25,τ,-0.3924975568493001,1.8052083536640002
25,τ,-0.13725469977757943,1.9064678004030338
25,τ,0.03670210756990677,2.3366048606328715
25,τ,-0.0038961550813285672,1.0791254740004532
25,τ,0.008473185660677673,1.4967728843927712
25,τ,-0.3671172813262934,1.2613963902024492
25,τ,2.079397637346477,0.6480007449438743
25,τ,0.01968704804941912,0.8740966914129367
25,τ,-0.8664120677568423,2.8301888870022998
25,τ,0.7767020491098433,0.4669993643741288
25,τ,-0.20918114410433986,0.4925896126009249
25,τ,-0.32818571678654695,1.0053853413568092
25,τ,-0.2814076221612849,4.7577602297287305
25,τ,0.27958021256417664,0.9527263330501958
25,τ,0.12925280108416437,0.805497648630097
25,τ,-1.8041486733528103,2.9668129008115796
25,τ,-1.0690191679938819,1.313822232783878
25,τ,0.4842947925235118,0.6991864212994147
25,τ,0.9991297577610698,0.39514061488272234
25,τ,0.2896446379096851,0.36605121491603576
25,τ,0.31951142607688077,1.3375298806432572
25,τ,0.10025601110551285,1.0289297382230616
25,τ,0.1832675054466011,0.8170957845050588
25,τ,0.1505249485405349,2.0898909302320723
25,τ,0.32285704614821165,1.255219409340915
25,τ,-0.6599267677650209,1.0074823081987172
25,τ,-0.5809614374130478,3.2579399792439485
25,τ,0.693574468719913,0.3426740474125518
25,τ,-0.24300936008777563,0.6584542808107957
25,τ,-0.38911400711477373,1.0789905529166586
25,τ,0.24358212543492097,0.6012937227924112
25,τ,0.02823990180676783,1.6639003290569379
25,τ,0.005809614816722486,0.5248038150036336
25,τ,-0.06315143859222627,1.5563320298830634
25,τ,0.2984088697189323,0.6144942167475367
25,τ,-0.872682303794329,2.3807140873572705
25,τ,-0.6085980016904986,1.9298449566791964
25,τ,1.3631256347873006,0.3310347941386781
25,τ,0.25752076913145033,0.3847186152447996
25,τ,-0.8454357343337748,4.010653822709497
25,τ,-0.09311820903411538,0.9405106840828865
25,τ,0.45605253029453346,0.4581894746729685
25,τ,0.45952857549615855,0.8695314486778266
25,τ,-0.1769432851806193,1.1016082890776728
25,τ,0.026590804739052537,0.165312418253288
25,τ,-0.12594928469609362,0.46740404014822434
25,τ,-0.006105366289997027,1.4580283163077776
25,τ,0.07785140117126832,1.406140918931041
25,τ,0.3363702678426539,0.732830497514755
25,τ,0.5550218831027349,2.8917980582164167
25,τ,-0.101774461757002,0.9763718373782543
25,τ,-0.2217266930143419,0.7670289058886832
25,τ,0.2925712989524546,0.7808686806096198
25,τ,-0.22369233136645605,1.9939925705613657
25,τ,-0.20330836526072882,1.9567008848183178
25,τ,0.15119252504889946,2.8513698112225567
25,τ,-1.3275176528625479,3.039059452274729
25,τ,-0.0684918562310376,0.788857528942343
25,τ,-1.0495592433657432,1.3986090832930627
25,τ,1.3543582488397177,0.6221058400702943
25,τ,0.5585385472000669,0.5512582835477803
25,τ,0.6255937656043831,1.8311141193672447
25,τ,-0.039135248679507795,1.2793876539988271
25,τ,0.6517418407472126,2.1584294571516707
25,τ,-0.20416868784692355,3.2942333431766713
25,τ,-2.272508888542318,2.7104130962712714
25,τ,1.1820826656309744,1.098435201437819
25,τ,0.6552143842626844,0.2510920308191136
25,τ,-0.35991657909640934,0.785132645123503
25,τ,0.4395451351574875,0.7220758751620224
25,τ,0.039203383019393634,0.6856725334247059
25,τ,-0.4383266030758344,2.0313503633544645
25,τ,-0.2310226709266654,1.3170860220680085
25,τ,0.13648446330147812,0.6336192799270474
25,τ,-0.06689922355935463,0.8086627512995963
50,τ,0.6500871292815023,1.2370266834624857
50,τ,0.014038323088463533,1.6029744024952521
50,τ,-0.9519782045866427,2.505475695370959
50,τ,-0.0369716422193096,1.2448479331247206
50,τ,-0.25625841240350256,0.6821546699279564
50,τ,0.10414190155793662,0.36086412549670943
50,τ,-0.09547249674004366,0.9260957449173421
50,τ,-0.11358442705311528,0.5463791015733064
50,τ,0.061289667033017636,1.3402841240560115
50,τ,0.2981193671072262,1.400008528135158
50,τ,1.1015397168774212,0.7601041228417833
50,τ,0.6431290480085747,0.8015167481101062
50,τ,0.6650783323380676,4.2442110255477425
50,τ,0.6218722020198133,1.1096929811038614
50,τ,0.39011631080929465,2.1316882572820948
50,τ,-0.4646375317255459,1.072354839225657
50,τ,0.407079073230862,1.6135288607161582
50,τ,-0.42485384039492713,2.8221386703478575
50,τ,0.26637771262521914,1.0102139367443324
50,τ,-0.2062823290574236,1.2125878893305106
50,τ,0.8484178729765803,1.800787891122726
50,τ,0.8624379278303432,0.7274694267160741
50,τ,0.9391648722423049,1.2571439405793443
50,τ,1.3092169484866343,0.5849221575498833
50,τ,0.48993623638560124,1.328014912179873
50,τ,0.08141687729012026,1.0359446254879936
50,τ,0.3246070798283516,0.7758700847145699
50,τ,0.4285398925565695,0.46004815546025307
50,τ,0.4556129664881392,2.873177638861831
50,τ,0.005607501480129562,1.3138516608551218
50,τ,-0.5870638804858876,1.6668749409141785
50,τ,0.07728327200667673,2.2119818690076736
50,τ,1.4936608017008095,0.7165181086983526
50,τ,0.07162097130247014,0.5320931353927029
50,τ,0.021422323002310617,0.8505184530981321
50,τ,-0.17632584920148986,1.1402825558102776
50,τ,0.6187256595739752,1.5457726508089233
50,τ,-0.3439350049338066,1.0544873309776595
50,τ,-0.08537521630947809,0.9622880815323057
50,τ,-0.034890953083282716,0.704723052884164
50,τ,1.1714610526087703,1.7924232049048776
50,τ,0.5971645104722055,0.14714630826060637
50,τ,0.3444431765828303,0.5070727639719875
50,τ,1.4541906058783023,3.6945133876895766
50,τ,0.02973667632956256,0.8000395486227412
50,τ,0.21907946902763517,0.19601373837196082
50,τ,0.2745791312510061,0.8463379993596715
50,τ,-0.05429002938833993,1.1880532866804805
50,τ,0.27036018913020904,0.255628765112423
50,τ,0.1476646342100849,0.6800934006733743
50,τ,1.564392847194933,0.6617680248716106
50,τ,1.2308220034761077,0.31032136336205596
50,τ,0.2694320734148927,0.6093221748702267
50,τ,-0.09687622078568836,0.6843293678839257
50,τ,0.4731017036021018,0.9212589822980121
50,τ,0.5803175077471768,0.4285160058673235
50,τ,0.3045949648155144,0.48612374888385457
50,τ,-0.3062128411953957,1.431255868048932
50,τ,0.18000827359083837,3.7896838272834605
50,τ,0.07649248047200485,1.194601840845438
50,τ,-0.5234265645242588,0.8131770709563592
50,τ,0.9353516415702212,0.3487141624253674
50,τ,-0.224070135626256,1.5536322728105199
50,τ,-0.3390436710547445,0.5539085704518537
50,τ,0.7776611234035864,0.769574515964524
50,τ,-0.23116119561510856,0.6302747387801931
50,τ,0.08769763305113043,0.34079279873904184
50,τ,-1.055052962970028,7.231033363345966
50,τ,-0.5083409122457864,1.0144916558408645
50,τ,0.02455974619068102,1.6219928625446862
50,τ,0.16864901849641561,0.4643525693970723
50,τ,0.2377483065868921,0.3087166641158506
50,τ,1.2197043622749983,1.8315633417363288
50,τ,0.6837984341973099,0.7958194124673116
50,τ,0.034224568031739566,0.8899945661648226
50,τ,0.29607175419860976,1.2591481611801199
50,τ,0.06305335578080062,0.6094018524496866
50,τ,-0.2554501977962935,0.8942098204890887
50,τ,0.41585215041157686,1.6658441714459904
50,τ,-0.2598529720923404,1.3944988421502749
50,τ,0.036648327831185434,0.2637585729832905
50,τ,-0.4525218960704209,1.306385906875409
50,τ,0.027869369878120775,0.45129744597018195
50,τ,0.29548436703005143,0.15243776795470695
50,τ,0.07347195966395659,0.7283198697806043
50,τ,-0.19933897227104458,2.686323209991266
50,τ,0.15888902358179313,0.5361301228232745
50,τ,0.29900469880487757,0.12665574107929203
50,τ,-0.29575714785470586,0.6906375174270515
50,τ,0.13534264364794135,0.6585070269624453
50,τ,-1.802135208236486,2.4000306771248523
50,τ,0.5200498881963235,0.6886764823472694
50,τ,0.2317215326224964,0.34395335590713616
50,τ,-0.6591263831933574,1.0522332321008572
50,τ,0.5574804421099734,0.9611063811063391
50,τ,0.35377222701509037,0.7987778280476573
50,τ,-0.33536834929100345,0.8800429297581455
50,τ,0.4019910797846781,0.5200386095877257
50,τ,0.11702145982912765,0.4653320639939728
50,τ,-0.09707495162850366,1.2922791191316734
75,τ,-1.1034508704339852,1.5991815114931633
75,τ,0.4114021337283549,0.7538602531781504
75,τ,-0.4352156532156126,4.848963315864433
75,τ,0.384206926326639,1.076004029648118
75,τ,-0.5069779169667719,0.809145224540033
75,τ,-0.22003899235464952,1.772983743303363
75,τ,0.13722372139599814,1.2623642043290495
75,τ,0.36785260764127237,0.47139156666937143
75,τ,-0.01717729252164718,0.47321582627752046
75,τ,-0.07476066901159983,1.1954135626426765
75,τ,-0.6988103514950066,1.53752614924778
75,τ,1.2526555243275912,1.5456793921768834
75,τ,0.012521195890792258,0.6111955593206243
75,τ,-0.26596229937226235,0.5414188952424921
75,τ,-0.6171162794782963,1.7705037293193704
75,τ,0.12162056486487538,2.8828157275911193
75,τ,-0.10914166870544906,0.8539891123423209
75,τ,-0.22802355136821206,1.829454634968327
75,τ,0.1219061629794489,1.9743045652400883
75,τ,0.05110666940374775,0.7262430383935625
75,τ,0.05814593735947138,0.5194018096040655
75,τ,0.527633238993253,1.669418175804433
75,τ,-0.34923120055146195,1.4874365357772095
75,τ,-0.003913447137249282,2.405890713403309
75,τ,-0.1350366829470741,0.5726571240926168
75,τ,-0.15609343472708637,0.544948352104591
75,τ,0.2615548901797631,1.9244232877293395
75,τ,0.1652992644539122,2.885618908231313
75,τ,0.22277475541450686,0.9634249691583617
75,τ,-0.12400972494494411,3.1683562368232105
75,τ,1.1987320559887942,0.6806699131319057
75,τ,-1.1330963240781824,3.0535930817924606
75,τ,0.0002780902963145371,0.527774166157114
75,τ,-0.8666941491305936,1.605086812843973
75,τ,-0.7412039441893454,3.1291004977636936
75,τ,0.07370081947540275,1.2693725014287134
75,τ,0.45384779524981167,1.5925535309406869
75,τ,0.11250497965352235,0.49503194883720636
75,τ,-0.03897215681040045,0.7223002521076741
75,τ,0.2045920223997575,1.1272521967516052
75,τ,0.6973874141699804,0.5697869323296095
75,τ,1.20761742234026,2.338880488855007
75,τ,0.22790004605437408,0.5690334355234772
75,τ,-0.44686821397455967,3.2148063272384997
75,τ,-0.4829249744502412,0.5978209440953276
75,τ,-0.05590118503446684,1.239118134062077
75,τ,-0.15321417195078335,0.9342598721574197
75,τ,0.3977708551372075,0.30122377162114217
75,τ,0.08689960768396565,1.2489827726274998
75,τ,0.06640444049307748,1.5601547188806855
75,τ,-1.0337235542869658,1.5849715507224962
75,τ,1.4111030506885236,1.0480606380012405
75,τ,1.7780442787165998,0.9480205549720873
75,τ,1.8204346736744912,0.24298832745134183
75,τ,0.007446081328343901,0.6773668947284051
75,τ,-0.1175636352886329,1.9543960817277446
75,τ,-0.044251415228916846,1.2176322844084948
75,τ,-0.24999942909897255,1.1557542389822215
75,τ,-0.09205197331345144,0.46188197781727575
75,τ,0.25593274261582644,1.4281450461299443
75,τ,-0.9518738141007903,1.9108098384062215
75,τ,-1.915010424205485,2.4475399511896807
75,τ,0.572512240609795,0.5457448593918625
75,τ,0.47806213831917677,0.5385855946690439
75,τ,0.36602540492830116,0.5248283282317815
75,τ,0.01847858870777852,1.2049441885730816
75,τ,0.49126156325155623,1.5946342277731964
75,τ,0.5162855781366034,1.233722171861297
75,τ,-0.4724374517410852,0.8900146233014817
75,τ,-0.05299297692464644,0.7391377350300706
75,τ,-0.4242969072588163,0.6466865684942293
75,τ,-0.5174912773230231,1.6340978888248279
75,τ,0.549511477605084,1.2096452598819945
75,τ,-0.7007862772864342,4.336463906134529
75,τ,0.5836474742044246,1.3948317091093398
75,τ,-0.37765908130379144,1.122421683198255
75,τ,-0.12613641016841137,0.43959516936311027
75,τ,0.23774969508633886,0.48605826538366953
75,τ,0.08808691411412828,1.320165971059805
75,τ,0.1285531958144851,0.758644257242103
75,τ,-0.05652663666334545,1.1102583382572464
75,τ,0.16637515632796274,0.7320976970476749
75,τ,-1.3874086856947656,4.970892463256467
75,τ,-0.34032018155327304,1.3549763641275725
75,τ,-0.2858731005658252,0.7654025307596195
75,τ,-0.06114124237649121,0.736881279853987
75,τ,-0.2911922212021628,0.9581881868483129
75,τ,0.02835700280094855,1.085604925924056
75,τ,0.00675108571652705,0.8747686872653924
75,τ,0.11244478294312432,1.183402849315721
75,τ,4.409933016758853,0.63392125420665
75,τ,0.12615027345804125,0.46464134753940795
75,τ,0.43092496317813156,0.7351059810058111
75,τ,-0.4067973311025014,1.1237054977722372
75,τ,0.21086704875074513,1.4445264794005268
75,τ,-0.11369297145712443,1.2455193805279172
75,τ,0.17437775781488218,2.2515042035422153
75,τ,-0.09482428167051166,0.39839210987289897
75,τ,-0.01026031867789301,0.601400802479597
75,τ,0.13714503784931686,0.9933781292653348
100,τ,-0.7166690457591862,1.6087483819553765
100,τ,0.23428814797704334,0.6635285212330744
100,τ,-0.16725942516810177,0.5949471626882444
100,τ,0.3030976877368345,0.4761195022659515
100,τ,-0.37692586413063156,1.179319185204276
100,τ,0.22564897493805303,2.0608453977275487
100,τ,0.3960960063205783,0.9894425805469411
100,τ,-0.010511005722186717,0.5025886537261496
100,τ,0.008637564969041334,1.143879538690546
100,τ,0.2973049926737972,1.111678069421092
100,τ,0.0601902859140645,0.6299494352490952
100,τ,3.3299893459357177,0.9983073611651073
100,τ,-0.1850105384606195,0.46373649525389754
100,τ,0.3524233453528045,2.7091648034175675
100,τ,0.7089593365309592,1.0253961805200653
100,τ,-0.3292338076224457,1.103317247132886
100,τ,-0.4871553118711116,1.6838968006894603
100,τ,0.026609022993837605,3.8344948829054615
100,τ,0.423378663001269,0.36455058123278233
100,τ,0.16865469496338148,0.7009347462037661
100,τ,-0.2413186739205928,2.6532003941129894
100,τ,-0.8162413596634495,1.1547957506280804
100,τ,-0.15182007454395668,0.5922735872599055
100,τ,-0.16009844867637946,1.7849562017442817
100,τ,0.9050491866651293,1.4278885372649162
100,τ,-0.4073363194282873,2.4179342377051296
100,τ,1.178111565737366,1.2449652599836079
100,τ,0.22941957456914774,0.6248210658903458
100,τ,0.4294244905622149,0.6265495109566823
100,τ,-0.0277551046477722,0.9144213165434365
100,τ,1.9024827151552066,0.7432397491648067
100,τ,0.4597009024642705,0.4753636663409076
100,τ,-0.1571953266801991,0.6762892747674502
100,τ,0.5695358599346203,1.008976886143392
100,τ,0.5863160885840788,0.948066057764178
100,τ,-0.31913807186842247,1.9922485357794957
100,τ,0.8747861797734644,2.6477297099436075
100,τ,0.6804118023117662,2.3977865395959665
100,τ,0.22394376507799807,0.21762043828080996
100,τ,-0.04346100642195094,1.4064259937782564
100,τ,1.0570081930005781,0.6981157000705769
100,τ,2.436903967489308,0.7710759597927869
100,τ,-0.6628501605611199,1.7881333709581408
100,τ,0.6944704747697106,1.3572105854119783
100,τ,-0.36687583111680544,3.8412379521193274
100,τ,-0.8686656298716587,1.5152492994870899
100,τ,0.40069779971680775,1.1192547543142761
100,τ,-0.167902145297246,0.9436849231105551
100,τ,0.13304918445735736,0.6714219114422133
100,τ,0.1491615689343756,0.6476103293764287
100,τ,-0.023570199225988686,1.623888655696319
100,τ,0.5341256155875994,0.7424655264317624
100,τ,-0.7594338543414892,1.3541517012449655
100,τ,0.895064359927042,1.0316799418655067
100,τ,0.29975057743145744,0.36733649036782573
100,τ,0.6678975444173125,1.4546602510469238
100,τ,0.5721057587390024,1.5388168802872078
100,τ,0.16848172883905066,0.5460585121653896
100,τ,0.09215258605907428,0.8527480716260879
100,τ,-0.07063580144937354,1.1111183945572891
100,τ,0.17912299032635026,1.1533833109713938
100,τ,0.4547844903109992,1.0990578660843366
100,τ,0.8272029801182741,1.3104527290725108
100,τ,-0.7470202003683846,1.5475885108208456
100,τ,-2.383421178491209,5.163224022258901
100,τ,-0.1321073319773367,1.3470384408840017
100,τ,0.2945111589526872,1.8379088023088002
100,τ,1.0954412277013574,4.184652232904236
100,τ,0.17093124977535834,0.7885691445285711
100,τ,0.15524219573769538,0.9747062110079096
100,τ,-0.8133073991009725,2.5316731486662936
100,τ,-1.2988551406251798,1.7006764281159392
100,τ,0.3963188817771016,0.9483392698127341
100,τ,1.6299440235172329,1.235070138323126
100,τ,-0.06295004480113109,1.455704660854522
100,τ,0.6480164261634861,0.9103218805161392
100,τ,0.18066891987874778,0.7302559618959045
100,τ,0.06886237018880137,1.251172493358719
100,τ,0.10609230537362269,0.43192359962635607
100,τ,0.031735235366897485,0.950803774017761
100,τ,0.6644304168811004,0.42158233681282237
100,τ,0.17063146088032755,0.7125575827401348
100,τ,0.1340561878281349,0.4745718572851563
100,τ,0.3968407120130886,0.2785418839913187
100,τ,-0.11549563961375697,1.7771916328265505
100,τ,0.5040523022716364,0.41853861273199355
100,τ,0.30564429363777923,1.5082148154006978
100,τ,0.1492401167762274,0.904402216525459
100,τ,0.10711646916686446,1.1503728534367692
100,τ,0.4032255026344168,0.9906206079486782
100,τ,-1.164082369905962,1.8458098740573343
100,τ,-1.005176418229953,2.4388569978519707
100,τ,-0.20176383765561967,2.8900970008981055
100,τ,0.9484894417386901,0.44259321049176636
100,τ,-0.687315067245301,1.9404192470391368
100,τ,0.08060962419151785,0.5351515123359379
100,τ,0.43524426137793304,0.9973898712561451
100,τ,0.6371653579015285,0.8576843064137808
100,τ,0.09608844752118723,0.4676551247767676
100,τ,0.13379324425527916,1.1486170343793818
150,τ,0.42720850130357124,0.35872831034447106
150,τ,1.821335957316917,0.4481881971363133
150,τ,-0.06631372773624655,0.6262020740357369
150,τ,0.026724592336248465,0.5453402650615073
150,τ,-0.5170337846086175,1.8435048153261824
150,τ,0.9197557536526453,0.5425150323380754
150,τ,0.18638269042006272,0.6463578717583763
150,τ,-0.34411385945187706,0.7160643111594359
150,τ,0.373223957152959,1.4378075434337425
150,τ,0.015707683726924437,0.8504359373676779
150,τ,-2.7330422590735646,2.864938060899692
150,τ,0.6036591867212983,0.6595726722685712
150,τ,0.18181318286097392,2.054825156912524
150,τ,0.8769519169320863,1.242918937125073
150,τ,0.5472998517409676,0.2968495064514016
150,τ,0.36908306233861554,0.6476930794589358
150,τ,0.018396347858582462,1.0561259941123875
150,τ,-0.19617794937770183,1.419414512523226
150,τ,0.6114480495965924,2.73601135544569
150,τ,0.6264426311166233,3.6557140896721774
150,τ,-0.6451276072645107,1.8569930308651128
150,τ,0.23987151551789776,0.8231547707716839
150,τ,1.3221517308191109,0.5787538520438259
150,τ,0.33505043406354884,0.4336917320561331
150,τ,-0.23268715243172633,0.9737197468507779
150,τ,-0.5764873921254605,1.2918791036999258
150,τ,0.7801251460198768,0.730105097090813
150,τ,0.6755622656842273,0.9198997886178037
150,τ,-0.1848992462136242,0.6997485672400419
150,τ,-0.16739634201919595,0.954899357208565
150,τ,-0.3425796151756535,1.5911964227770832
150,τ,0.6843504264047409,0.42749212703329076
150,τ,0.6929201273924606,1.1312773592601668
150,τ,0.678496064890286,1.3703958851802387
150,τ,0.3856922161823657,1.020409789211757
150,τ,0.2914848019003231,1.0947058645609962
150,τ,0.2042947054429034,0.9170048647280387
150,τ,-0.083858235765643,0.6728781331291223
150,τ,-0.02724561906415668,0.9027120088249516
150,τ,0.009850928859903574,1.27993027849916
150,τ,0.49891934455303644,1.2941088792007878
150,τ,-0.994446424247605,2.3490416283396978
150,τ,-0.0007400854167558535,1.042195598132174
150,τ,0.29017314532151195,0.7940844199598567
150,τ,0.3735397456125734,0.8398058535627898
150,τ,0.004028982650428725,0.5406371353462373
150,τ,0.17603906753076315,0.9480635514302364
150,τ,-0.18183694065970002,1.3621454127833341
150,τ,-0.06271402018299621,0.7886498322845448
150,τ,0.01377263936183315,0.7438192175135944
150,τ,-0.8782949636397768,4.003688620051643
150,τ,-0.09749536597999475,0.47827483366023404
150,τ,0.6114266536922373,0.7065661158563461
150,τ,0.05868576961883315,0.15102705995285698
150,τ,-0.21326616005897403,2.366815715563701
150,τ,0.5970547135686215,0.661445746251857
150,τ,0.2904058019811572,0.9720472827999075
150,τ,0.061986025601905526,0.4529116955988081
150,τ,0.0081461165173069,1.6787425432729504
150,τ,0.1265718896210536,0.5192203010912176
150,τ,1.9726185345555527,0.44792006089367425
150,τ,0.7343936511069415,2.562256173473944
150,τ,0.305703545714158,0.43437809268142796
150,τ,0.736496584786758,0.6778166792515548
150,τ,-0.003563886541693262,0.44502730363059056
150,τ,-0.5588616519787397,3.758199615984672
150,τ,0.06326304235267766,0.7190682380316631
150,τ,0.35666436468503815,0.6045483503862777
150,τ,0.03398843086761372,1.8570240756807186
150,τ,0.001848439145594405,1.2373530941852529
150,τ,1.1017453283051815,0.7716739930408335
150,τ,0.6321325120919823,0.21007630264949625
150,τ,0.5838574943373327,1.2859078385646183
150,τ,0.26487307050903264,0.591862303172388
150,τ,-0.032719536640238855,0.9295020153200833
150,τ,-0.4348974796767313,1.4526605305045475
150,τ,0.38416200079128104,0.5961305455787734
150,τ,0.5195047163467406,2.6217886222347224
150,τ,0.059423508930511626,0.8372495580224875
150,τ,0.1782482574563775,0.2601929170988801
150,τ,-0.41110097692312775,0.9608796934915194
150,τ,0.980554127773663,0.8636852762878754
150,τ,-0.6594883484916523,2.252729450389529
150,τ,-0.1307448410157006,1.952539494734717
150,τ,0.17847405607545808,1.2549518870644267
150,τ,-0.6372235262397501,2.0824825545086423
150,τ,0.11035901121337643,0.7840976921292288
150,τ,0.09551545994016752,0.889042080203972
150,τ,-0.24765556194597937,0.6800287755827484
150,τ,0.03361272332630261,0.4029081465791737
150,τ,-0.4436352367705493,1.4031918498571059
150,τ,-0.9486492074153667,1.3739003302753836
150,τ,1.6858207565404881,0.6499305763366136
150,τ,0.7669558161585354,0.6837499322677644
150,τ,-0.3705057869234325,1.9293030802443525
150,τ,0.7213607750369304,0.38839324896878735
150,τ,-3.2547212022523855,10.432741710611841
150,τ,-0.2667056514467875,1.027365019821271
150,τ,0.11644265069408122,1.857389115367166
150,τ,0.2302982253104343,0.724954725773011
200,τ,-0.211519970847039,1.5238794535942755
200,τ,0.6370917624382562,1.11752808384666
200,τ,0.5747079873306566,0.4919381367880544
200,τ,-0.03354991568069998,1.1065499661671399
200,τ,0.6002303167226867,0.547165448188467
200,τ,-0.19306965375712137,0.9353532272894491
200,τ,-0.4027254687282946,3.0506390163856887
200,τ,0.6773009201910072,1.8207587030670682
200,τ,-0.20892180093843638,1.8178361141689636
200,τ,0.08331729760481776,1.2970103696892883
200,τ,-2.231899972454759,3.5197089986537597
200,τ,-0.35151310580517986,0.6986192625565577
200,τ,0.06412094312348438,0.6639631189381465
200,τ,1.460717060243018,2.7601403856673117
200,τ,0.39940284595043324,0.42961422147599565
200,τ,-0.4266033062864191,0.876721792402441
200,τ,0.2341691262204766,0.8361176112988598
200,τ,-0.11804555253443028,1.0279032933068097
200,τ,-0.2544063056221888,1.9964002601881294
200,τ,0.033384099652097654,0.5936878497695592
200,τ,-0.37265599234594576,0.8333037682717317
200,τ,-0.29202724195801366,1.5434500757868472
200,τ,1.4300963790730072,0.7311777250284461
200,τ,-0.38980859607410256,0.8425793117462077
200,τ,0.4593739186799227,0.753954509435247
200,τ,0.2855803977906348,0.7112450074083237
200,τ,1.04498563566042,0.8073465491110775
200,τ,0.2420213994778136,0.3546367189340445
200,τ,0.24140632513076782,0.4256935827141453
200,τ,0.04235994092888995,1.1555486426359403
200,τ,0.5574990345746607,1.5862253213764543
200,τ,-0.1334457027040563,1.1562852776309152
200,τ,-0.7354188399620532,1.0223833295751343
200,τ,0.4168661728584041,0.5533676725875939
200,τ,0.29276470144979744,0.23040106653220255
200,τ,0.06791335234804352,1.4347056647411842
200,τ,-0.13111339221739926,1.4536426601638528
200,τ,-0.10351249519443517,0.7675460713948332
200,τ,0.140919471682305,0.8056026730846576
200,τ,0.3431957322366907,0.4344687817293326
200,τ,-1.6655224096453967,2.3298069860239465
200,τ,-0.6977906839877897,1.924209397296576
200,τ,-0.7758789238902859,1.518921351770774
200,τ,0.27412533711423404,0.3632488275728569
200,τ,-0.7566273416062339,2.4634659450880725
200,τ,0.39907283982789243,1.9081235065113558
200,τ,-0.08277985024512913,2.007316218840698
200,τ,0.058163612954225785,1.5770442112790248
200,τ,0.1459498801943897,1.5483429256440078
200,τ,-0.21465988976480044,1.4628936609162537
200,τ,-0.09053828105618589,0.6922402158475419
200,τ,0.40782201183418665,0.9445886178037677
200,τ,-0.3058967399478908,1.2816823657894763
200,τ,-0.07444724167511718,0.7034682561034632
200,τ,0.46820086002577077,0.972175676931978
200,τ,-0.11967921371203993,0.8294702287073186
200,τ,0.5819809233305254,0.17353575539339963
200,τ,1.033721388289071,4.533794890058919
200,τ,-0.0891549135903511,0.8538195311240886
200,τ,0.1672048690508805,2.270352302891474
200,τ,5.907005064770797,0.4415066924151844
200,τ,0.008611947999301317,0.8520251413515575
200,τ,-0.15403705191536288,2.264776034979477
200,τ,-0.15715043828684505,1.071039845881677
200,τ,-0.22498832945172553,0.9249922010317574
200,τ,0.04911074104808766,0.6791615606567951
200,τ,0.08588713729361752,0.27391962760844046
200,τ,0.22582049787982295,0.8716370211252161
200,τ,0.32197365035834014,0.19787909638462134
200,τ,-0.03601460456804628,0.977187719278918
200,τ,0.1878152226789025,3.719745661675947
200,τ,-0.4010560984726652,6.287562007652959
200,τ,0.4199628025142337,1.1508573330368843
200,τ,-0.7113348150209069,1.2375696875463702
200,τ,0.16806044626566163,1.5136042661574636
200,τ,0.30122366126529065,0.9924083024084333
200,τ,-0.03400097316083672,0.6419384704685731
200,τ,-0.32649664592967076,2.132588944187308
200,τ,0.11972398037980675,0.34790183217963544
200,τ,0.26003619783188947,1.9355398472092555
200,τ,-0.543604784726098,1.5152084232099667
200,τ,0.17885851417991339,0.8307738854913366
200,τ,0.4045812048650106,1.2122927863772655
200,τ,0.08900193620040331,0.7967502379557646
200,τ,-0.13775112329327222,2.1549695608597084
200,τ,0.09595311397139289,0.43597334689490747
200,τ,-0.17435471897445454,1.7340741122464802
200,τ,0.2641698113855713,1.275884438890256
200,τ,0.22825404852738562,1.227403079929632
200,τ,0.2562682266153773,1.3157863513655954
200,τ,0.8938203066356429,0.15757695226872942
200,τ,-0.8094220705511497,1.875700454217596
200,τ,0.46536796255250457,0.5704065538274016
200,τ,-0.24525616024151675,0.8105899188952966
200,τ,-0.20689008416825105,1.4718851224596978
200,τ,0.38388613877257294,0.41443181245262084
200,τ,-0.018471053077438127,2.0082866690535983
200,τ,0.2351231310316786,0.8633847552789677
200,τ,-0.07911721697859575,0.9081731925067614
200,τ,-0.046851926393191246,2.19345657017862
250,τ,3.246776625493554,0.42668982451048754
250,τ,-0.2074607755096305,0.8329817233815027
250,τ,-0.48885316289403136,2.1654932145030936
250,τ,-1.0894220124550011,1.3768299186280168
250,τ,0.2997393509160994,0.8177816363996614
250,τ,0.5485555378226423,1.4727630692022946
250,τ,0.40483927123472285,1.6337838153338111
250,τ,0.04812428686758308,1.0134200992854456
250,τ,0.2599462772804505,0.6933355803072534
250,τ,0.23333490877961138,0.3094588224393292
250,τ,0.1645661108056748,0.3279067919421055
250,τ,1.2344220091388936,0.9724353908618119
250,τ,1.5855266119080569,0.5883654108131594
250,τ,-0.29092381677842744,0.6149915628805362
250,τ,0.3171213379703264,1.2558052591154292
250,τ,-0.2879641050779145,2.0527784900169888
250,τ,-0.5963833443646176,1.6818381582789113
250,τ,0.2429483433821158,1.3146479508572597
250,τ,0.08829702600050143,0.3670246617198603
250,τ,-0.2526939227707007,0.7784706588697742
250,τ,0.6856538652871171,0.669493857956615
250,τ,1.767948619887059,3.6858022994578072
250,τ,0.27828392285362424,1.6834166841996567
250,τ,0.6089776990677749,0.3944515640995343
250,τ,0.49687951782539863,1.6750387058546787
250,τ,-0.1851458558506911,0.989850653310674
250,τ,-0.17656834815862688,1.5256492751058637
250,τ,-0.14980142778124317,1.9207712322870565
250,τ,0.35732732483464336,0.5544527485195251
250,τ,-0.19116890921081575,1.4674575880247118
250,τ,1.9804457504481767,0.4115182836213555
250,τ,0.6920580556600608,1.5776299844366513
250,τ,-0.7706673673114386,1.4748202790869713
250,τ,0.10904950248312228,0.5750804522365399
250,τ,0.1897205400219777,2.4055647589717783
250,τ,0.8350339745955639,2.4503866133997847
250,τ,-0.028090171459823954,0.8736649111939807
250,τ,0.3366862131496806,0.33397363358531995
250,τ,0.16174259758769483,0.7863417125761358
250,τ,0.3136235446845329,0.946263240804803
250,τ,-0.017585998999308794,0.7539731194981419
250,τ,2.999004892949503,0.786870127233974
250,τ,-0.4785363429475602,5.040993678187887
250,τ,0.4658593403560338,0.7508235496701776
250,τ,-0.03638681151246814,1.0250733336871838
250,τ,0.028474056727584518,1.361857844269367
250,τ,0.5567393358246298,0.8448062421094211
250,τ,0.29742392924904504,1.528696646983896
250,τ,0.022578541795676532,3.498067087607905
250,τ,-0.4667284565105845,1.8759617906723185
250,τ,1.211464495655731,0.5469502420712523
250,τ,-0.7982735244107166,4.713884369140776
250,τ,0.11555302718182603,0.8066260553984003
250,τ,0.6517698851490036,0.6644830306760218
250,τ,0.29129013776650803,1.4777469611168708
250,τ,0.022099327085569165,1.5812254910233272
250,τ,0.35149387159327317,1.4114681595459064
250,τ,-0.06970617487136699,1.1173503562269296
250,τ,-0.07327883478818342,1.9128190372910754
250,τ,0.08061621631308302,1.7548741252980464
250,τ,-1.0984508730361142,1.3019744629813361
250,τ,-0.23711030521457543,1.1422761981381777
250,τ,-0.3812661065737156,0.9460234676690759
250,τ,0.34036637678305337,1.5109244421035202
250,τ,0.5580937647975103,0.5972177395011734
250,τ,-0.44518507846711697,1.305062766980462
250,τ,-0.32445996573026026,0.6548355457400107
250,τ,0.4901719725652549,0.6427610666731423
250,τ,-0.288029020029983,1.065650675867845
250,τ,-0.10773096979407579,0.3435668196398647
250,τ,0.7767740193539007,0.5514008285008548
250,τ,-0.009562825432805122,0.3323812411658633
250,τ,-0.3822382748100659,2.0962330833078924
250,τ,1.2414689186485148,0.512075630829826
250,τ,0.28391467915049984,1.4687432982968147
250,τ,0.12048222870005743,0.6588195430701863
250,τ,0.07979681668923277,0.780156210523961
250,τ,-0.3024865894292874,1.9084464563612311
250,τ,-0.19449776677938324,0.4819812837488068
250,τ,0.008907261698853586,0.5842453679910611
250,τ,1.8321407163937602,2.1221850316539754
250,τ,0.9336482671275568,1.849562753041087
250,τ,0.4540066148729589,2.069024710647067
250,τ,0.7301617754900982,0.3374723884467829
250,τ,-0.952140356948535,1.7097396813085621
250,τ,0.05041396961886668,0.16905298796697932
250,τ,0.17919965052749187,0.5966009596435924
250,τ,0.3453138647935454,1.0115606437975877
250,τ,0.08471417228241052,1.0085545734684662
250,τ,0.33974789266162264,1.0017108874557483
250,τ,-0.9119264168779351,1.996115924804784
250,τ,-0.08506456070161827,2.0448792705548406
250,τ,0.12081782357457671,2.3523006719926745
250,τ,0.08554408204380559,1.1086061722738885
250,τ,-0.1659348736075308,1.5298878005453342
250,τ,-0.6648738227001516,2.1971731153586678
250,τ,-0.07650621012115333,1.0805554837297144
250,τ,-0.6174727873919996,1.8713811394254996
250,τ,0.24971919659737907,2.9495213802977767
250,τ,0.202447719798801,0.24573334524714419
500,τ,0.41421848182378973,0.35979598356973475
500,τ,0.14363093313890996,0.8246644705447737
500,τ,1.9038891085298548,0.5509961949200699
500,τ,0.36377471357666336,0.162210409918244
500,τ,0.24530785155656776,0.6118490997910515
500,τ,0.196496057722509,0.6206547852154963
500,τ,0.3424221377055796,1.6697570386255232
500,τ,1.1456273145775673,3.0802320118792132
500,τ,-0.5726644710150506,3.9684182672986386
500,τ,0.16003399559832499,0.6882730348791296
500,τ,-0.10488343672723055,0.7075555421746701
500,τ,0.6929224381229688,1.5562916783008323
500,τ,0.4048392349841643,1.095292257905979
500,τ,0.056196698641969745,1.244322628462803
500,τ,-0.9076092013286439,2.3952628272469587
500,τ,-0.670171863657274,2.2489913420308776
500,τ,-0.0024825315719180785,0.4017769155309428
500,τ,-0.35481672314749835,3.934911940369496
500,τ,-0.12609635205594572,1.1950797729686835
500,τ,0.13526390082325418,0.4326529584266026
500,τ,2.5135965525414004,1.3013734285382919
500,τ,0.31568537319539425,0.6614698513350971
500,τ,0.5206628821134605,0.42325331900161095
500,τ,0.12842565884450807,1.1171368538828856
500,τ,-0.18900172985294827,1.2363307439589106
500,τ,0.10743576789232856,2.5917297616405186
500,τ,0.23292133907514467,0.8154791385317656
500,τ,0.2760680986781665,2.7752699082912544
500,τ,0.04022957332239929,0.24223789102786764
500,τ,-0.8455508765532906,7.6824436629132595
500,τ,-0.3238387648277483,1.5360385174449922
500,τ,0.9697207573574815,1.2475383862813774
500,τ,1.5912583270660257,2.761113586171179
500,τ,0.4011863522308121,0.7197051378677661
500,τ,-0.8412711794276222,1.317104474912515
500,τ,0.3124426635511399,1.174694362217157
500,τ,0.4302678483846838,1.1344048427597153
500,τ,-0.03786418241357148,1.3964143148327912
500,τ,0.3339009828105328,1.368105175250868
500,τ,0.0034479266944230924,0.23678046154597607
500,τ,0.8460256816819405,0.4472240692854623
500,τ,-0.44492780641154983,2.955098235053585
500,τ,1.0534745986792895,0.39338443286202557
500,τ,-0.07544308190566873,0.6904778312332776
500,τ,-0.5929205971329861,1.9455692886730875
500,τ,-0.4082613399632341,0.9928399393747068
500,τ,0.2230766906194351,0.19232856114888755
500,τ,-0.9291331890491237,4.099753497310169
500,τ,0.221852651443155,0.18423326084118793
500,τ,-0.007079436210810641,1.123902615850537
500,τ,-0.7480891860294354,1.6615048824351366
500,τ,-0.4219519197194357,1.2609260924522514
500,τ,0.6745988057512058,1.1245324787707642
500,τ,0.34141810531560124,0.8769179442034244
500,τ,-0.8306197526010459,7.528430322669754
500,τ,-0.008379236776408838,1.1156637828146452
500,τ,-0.5762382702783304,2.4176265068420593
500,τ,0.493142112258975,1.9531594915436392
500,τ,0.07405043712045267,1.523994921310995
500,τ,-0.01869661787857324,1.5197448180427187
500,τ,-0.056299771785089714,1.713849489207516
500,τ,0.5113870728940254,0.5420751856331251
500,τ,0.13675534447300874,2.1660859887107815
500,τ,0.5682987324404541,0.4097996035628729
500,τ,-0.3046352808998889,0.8560613251024857
500,τ,1.0353739182944794,4.1363364532350735
500,τ,0.11032163752312207,0.6220060238083199
500,τ,-0.18135318783207965,0.8493619042187992
500,τ,-0.0691863696779802,1.7332686838192142
500,τ,0.307349383490772,0.5238429797386773
500,τ,-1.8921259119282743,2.3956181826652005
500,τ,-0.31484395542842214,1.148799280271813
500,τ,0.47329045765397876,0.4649699745337114
500,τ,-0.12286672194903225,0.9358981881435229
500,τ,1.0729326132567583,1.2711638227403916
500,τ,-0.19682225807490206,0.7557185233416961
500,τ,0.627389063878665,1.6800829688376115
500,τ,-0.8594102721565666,2.4237861622098995
500,τ,-0.4005998965077092,0.6295876871061634
500,τ,-0.27978694692353057,1.5132945366897905
500,τ,0.9890589700148082,0.6587967470167548
500,τ,1.8292697399957885,1.1353835548051714
500,τ,0.5841538601115865,2.022386478293134
500,τ,-0.2746261757645305,0.4580265164001007
500,τ,0.3806463362164929,1.4807522424815343
500,τ,0.33982436567164154,1.2991434746484471
500,τ,0.44584249648229335,0.7148662838898723
500,τ,-0.11044387056976879,1.503497933777595
500,τ,0.27149246379545744,1.36419266588459
500,τ,-0.2304481808373997,3.05558472703546
500,τ,0.2504819557179002,0.6925411455444421
500,τ,-1.4491449533543603,2.014322709770738
500,τ,-0.2507190417072487,1.0177296589047071
500,τ,0.045200525395242996,1.0823472714444735
500,τ,-0.7247245195386478,1.2283178126112837
500,τ,0.24732571310408347,0.6555341141529387
500,τ,-0.69272986745631,2.4941966457534934
500,τ,-0.2580554661098311,1.8225090596886948
500,τ,0.16474673280649532,1.0935497953442117
500,τ,0.272827018847408,2.6175255033782276
1000,τ,1.05578969545101,0.5121301579543085
1000,τ,-0.052585794623766224,1.0663668746531407
1000,τ,0.08243326173557963,0.3333448892087788
1000,τ,0.1815163059662277,2.688264982974757
1000,τ,-0.37578919313104864,2.1762127362307524
1000,τ,0.1405922884304318,2.7326195343596327
1000,τ,0.19038061720779803,0.48472279713042193
1000,τ,0.025061606734912756,0.5147688472345503
1000,τ,-0.23266475864840808,1.7427278649300846
1000,τ,0.3140828367154813,2.9621167632412946
1000,τ,0.5386289655933061,1.367279247860035
1000,τ,-0.3730249659060485,2.6273696862863276
1000,τ,-1.2500771734531788,3.178890656518109
1000,τ,-0.437717797811524,1.1886419517965592
1000,τ,0.25739330898229185,0.9652023629294152
1000,τ,0.5463542014082898,1.0208664596626618
1000,τ,0.13446795100783443,0.45998796919187107
1000,τ,0.14882356334397784,1.4598343797588427
1000,τ,0.1914221249918,1.2227744748362102
1000,τ,0.1935560648689283,0.8532145084678482
1000,τ,-0.3437501234414273,1.1073572604296842
1000,τ,0.2684870306301881,0.564894963582825
1000,τ,-0.40962917052810743,2.3172307572352757
1000,τ,-0.05178236552308535,2.324353954521394
1000,τ,0.14674295221783656,0.4943815759359626
1000,τ,0.6719519916706622,1.2086678045214005
1000,τ,-0.05973413261001548,0.5806213971633283
1000,τ,-0.09226587081300308,0.6043904524426148
1000,τ,0.28916071826790757,0.5644410914410002
1000,τ,-0.06713502635889723,0.9397899297776331
1000,τ,0.12757255819323088,0.5790466803227876
1000,τ,-0.23385295993882205,1.0393740072051179
1000,τ,1.0555928636369623,0.7735549942976819
1000,τ,-0.41716546171005,1.3078723262996694
1000,τ,0.35223725526539096,1.053700902187504
1000,τ,0.36821949596892223,2.258854470514175
1000,τ,0.15746932069180364,1.1237935238780894
1000,τ,0.8023811511385123,0.6923766036616014
1000,τ,-0.1083240467227855,1.9167071791190775
1000,τ,0.1923545161583986,2.898659241282456
1000,τ,5.397141445427924,0.40721055948584023
1000,τ,0.12003115936686726,3.81271746159343
1000,τ,0.18487397130858285,0.5520767358065998
1000,τ,0.4360980306702845,0.6600953820822154
1000,τ,-0.49293955230898645,0.8649106076261575
1000,τ,-0.0440167600751149,2.733681128199626
1000,τ,-0.07873071994301761,0.8112246629818429
1000,τ,0.5020049460195721,0.415012702399305
1000,τ,-0.12079651074149589,1.7252519353876212
1000,τ,0.03506267337956226,0.5109681272078415
1000,τ,0.8259801420571238,0.4312448030419152
1000,τ,-0.5028781255157964,2.396034283915751
1000,τ,4.524623639273692,5.0447571789959085
1000,τ,0.7824391585520853,0.8530871288433044
1000,τ,0.6390426204727778,0.3334295436702004
1000,τ,0.5585266293929299,0.24839082471696955
1000,τ,-0.18116058689608827,1.035069986470528
1000,τ,-0.7171067576607189,1.6578437170301203
1000,τ,-0.14371151927363368,0.9555079509635629
1000,τ,0.2654593306954556,0.7593362729479198
1000,τ,2.6543400634336143,0.638738766488466
1000,τ,-0.5176586473129874,2.4729567090102487
1000,τ,0.1061140678044068,0.6184994279597346
1000,τ,-0.1977511949150098,0.7282672785737496
1000,τ,0.5922626423201107,0.3171377601999758
1000,τ,-0.016621541586619437,0.5653131277621491
1000,τ,0.6231157723300709,1.313365423958104
1000,τ,0.12905967786588768,0.5881467635853985
1000,τ,0.28102052782170595,1.0425326997484674
1000,τ,-0.030426909480915754,1.7797456744416162
1000,τ,1.7810284390436115,0.8599949996803267
1000,τ,-0.7330357937931978,1.5352103003479423
1000,τ,0.13791562888198028,1.0632345601067936
1000,τ,-0.3827278860071681,0.8862747733125274
1000,τ,0.436509693853549,0.67298656966119
1000,τ,0.27368517238461915,0.33040227878267797
1000,τ,0.47328441406459487,1.547645020024454
1000,τ,-0.1870776234765804,1.0392526506166546
1000,τ,0.0533741688144882,0.8601402393842256
1000,τ,0.1194320507135811,3.8457752915584935
1000,τ,0.3715478485724161,0.5100210868397803
1000,τ,-0.565787485780969,2.950856601429889
1000,τ,0.34901144873958123,1.1402244405010897
1000,τ,0.5091636972405562,1.954532984698888
1000,τ,0.20411418158532935,1.9278938062205515
1000,τ,0.6487178454892869,0.5431762253919229
1000,τ,0.20513316040094787,0.6882604233668954
1000,τ,0.2658274905850501,0.20973729753824555
1000,τ,-0.16511220802563403,0.5730887220728796
1000,τ,-0.02859021638983006,0.6979925780127774
1000,τ,-1.5161969826007688,2.1105296164109686
1000,τ,-0.25696300350935425,0.3580104063088253
1000,τ,-0.0766228449387174,0.7818605342186352
1000,τ,-0.30849764960101883,0.6480909201468017
1000,τ,-0.07965669076506954,2.2736671280156298
1000,τ,0.03287120693028589,2.2330701156977395
1000,τ,-0.19865500775349876,2.2422371313097544
1000,τ,0.28995117978104723,1.7884217807255745
1000,τ,0.043390639240723394,0.3413610397197132
1000,τ,0.003525600334068013,3.888023403965418
